file,modality,z,y,x,spacing_x,spacing_y,spacing_z,all_min,all_p0.1,all_p0.5,all_p1,all_median,all_p99,all_p99.5,all_p99.9,all_max,all_mean,all_std,nz_min,nz_p0.1,nz_p0.5,nz_p1,nz_median,nz_p99,nz_p99.5,nz_p99.9,nz_max,nz_mean,nz_std
topaneu_center1_mr_001_0000.nii.gz,MRA,264,426,352,0.3819439709186554,0.3819439709186554,0.45002976059913635,0.0,0.0,0.0,0.0,66.00491333007812,149.00137329101562,163.9978790283203,352.0036926269531,1108.0,55.19096374511719,43.445350646972656,0.9975128173828125,0.9975128173828125,0.9975128173828125,0.9975128173828125,68.99745178222656,149.99888610839844,164.99539184570312,360.9981994628906,1108.0,57.681175231933594,42.767086029052734
topaneu_center1_mr_005_0000.nii.gz,MRA,240,461,390,0.38194403052330017,0.3819439709186554,0.4500345289707184,0.0,0.0,0.0,0.0,32.00030517578125,81.99893188476562,90.99809265136719,177.99984741210938,388.0,30.61887550354004,21.579055786132812,1.0005645751953125,1.0005645751953125,1.0005645751953125,1.0005645751953125,34.001434326171875,81.99893188476562,91.9986572265625,182.00210571289062,388.0,32.153079986572266,20.968036651611328
topaneu_center1_mr_016_0000.nii.gz,MRA,248,437,344,0.3819439709186554,0.3819440007209778,0.44962453842163086,0.0,0.0,0.0,0.0,72.00083923339844,142.00396728515625,161.9977264404297,387.0065612792969,1091.0,62.1385383605957,42.75658416748047,0.9988555312156677,0.9988555312156677,0.9988555312156677,1.9977110624313354,73.99855041503906,143.00282287597656,162.99658203125,392.99969482421875,1091.0,64.4277114868164,41.808929443359375
topaneu_center1_mr_017_0000.nii.gz,MRA,248,477,376,0.38194403052330017,0.3819440007209778,0.4500090181827545,0.0,0.0,0.0,0.0,87.00709533691406,192.9951934814453,216.00640869140625,504.0041198730469,1065.0,75.8399887084961,52.657623291015625,1.007553219795227,1.007553219795227,1.007553219795227,1.9988555908203125,89.00595092773438,194.00274658203125,218.00526428222656,511.9995422363281,1065.0,78.41354370117188,51.62477111816406
topaneu_center1_mr_018_0000.nii.gz,MRA,233,465,356,0.3819439709186554,0.38194403052330017,0.4500280022621155,0.0,0.0,0.0,0.0,76.006103515625,189.00404357910156,211.99664306640625,470.9968566894531,940.0,67.31304168701172,53.19544219970703,1.004043698310852,1.004043698310852,1.004043698310852,1.004043698310852,84.99946594238281,192.0018310546875,217.0025177001953,483.0023498535156,940.0,73.63704681396484,51.28281021118164
topaneu_center1_mr_024_0000.nii.gz,MRA,160,749,516,0.2511160373687744,0.2511160671710968,0.6999977827072144,0.0,0.0,0.0,0.0,44.001678466796875,99.99847412109375,106.00137329101562,181.99893188476562,350.0,39.86669921875,24.258893966674805,1.997406005859375,3.0014495849609375,3.0014495849609375,3.0014495849609375,45.99908447265625,99.99847412109375,107.00007629394531,184.00167846679688,350.0,41.237266540527344,23.49909210205078
topaneu_center1_mr_028_0000.nii.gz,MRA,248,438,368,0.38194403052330017,0.3819439709186554,0.45002424716949463,0.0,0.0,0.0,0.0,57.99900817871094,127.00328063964844,146.003173828125,379.99786376953125,829.0,52.64626693725586,38.29750061035156,0.99932861328125,0.99932861328125,0.99932861328125,0.99932861328125,60.99699401855469,128.0026092529297,149.00115966796875,384.9945068359375,829.0,54.953224182128906,37.47258377075195
topaneu_center1_mr_029_0000.nii.gz,MRA,138,719,558,0.2511160373687744,0.2511160671710968,0.6999973058700562,0.0,0.0,0.0,0.0,103.00205993652344,224.0069580078125,249.99771118164062,486.0015563964844,984.0,91.44163513183594,54.931007385253906,4.9999542236328125,8.993911743164062,9.999908447265625,11.005905151367188,106.00503540039062,224.99794006347656,251.0037078857422,489.9955139160156,984.0,94.33082580566406,53.29365539550781
topaneu_center1_mr_033_0000.nii.gz,MRA,175,790,563,0.2455357164144516,0.2455357015132904,0.4999966025352478,0.0,0.0,0.0,0.0,106.9940414428711,256.0030517578125,290.0006408691406,554.0020141601562,1251.0,95.90117645263672,63.00898742675781,7.00567626953125,10.002655029296875,10.995285034179688,12.007003784179688,109.99102020263672,258.0074157714844,292.0049743652344,559.0032958984375,1251.0,98.58013916015625,61.78142547607422
topaneu_center1_mr_038_0000.nii.gz,MRA,216,771,572,0.2343750149011612,0.234375,0.500036895275116,0.0,0.0,0.0,0.0,78.99758911132812,181.99444580078125,199.993896484375,387.0022888183594,923.0,73.36615753173828,46.51450729370117,4.999847412109375,6.999786376953125,7.999755859375,7.999755859375,80.99752807617188,182.99441528320312,199.993896484375,394.0020751953125,923.0,76.05277252197266,45.14979553222656
topaneu_center1_mr_049_0000.nii.gz,MRA,199,469,372,0.3819440007209778,0.3819440007209778,0.45004141330718994,0.0,0.0,0.0,0.0,69.00587463378906,179.0023651123047,196.9951934814453,415.99969482421875,820.0,63.30484390258789,47.41905975341797,1.0009918212890625,1.0009918212890625,1.0009918212890625,1.0009918212890625,70.99534606933594,180.00335693359375,196.9951934814453,420.003662109375,820.0,65.21336364746094,46.81769561767578
topaneu_center1_mr_050_0000.nii.gz,MRA,262,422,392,0.3819439709186554,0.3819440007209778,0.44989943504333496,0.0,0.0,0.0,0.0,76.00616455078125,207.9932403564453,228.0005340576172,485.0062561035156,1177.0,71.07408142089844,54.24826431274414,1.005752682685852,1.005752682685852,1.005752682685852,1.005752682685852,79.99325561523438,208.99899291992188,229.99407958984375,492.9983825683594,1177.0,74.07697296142578,53.33634567260742
topaneu_center1_mr_053_0000.nii.gz,MRA,168,444,340,0.4101560115814209,0.4101559817790985,0.5500646233558655,0.0,0.0,0.0,0.0,47.00071716308594,107.00236511230469,115.00028991699219,216.0013427734375,376.0,43.4373893737793,26.563364028930664,0.9983062744140625,0.9983062744140625,0.9983062744140625,2.002349853515625,47.9990234375,108.00067138671875,115.00028991699219,217.99795532226562,376.0,44.656402587890625,25.903236389160156
topaneu_center1_mr_056_0000.nii.gz,MRA,248,481,356,0.3819440007209778,0.3819440007209778,0.4500054717063904,0.0,0.0,0.0,0.0,97.00704193115234,201.9965057373047,225.99998474121094,558.0012817382812,1228.0,84.20486450195312,54.31940460205078,0.9931182265281677,0.9931182265281677,2.004974603652954,2.004974603652954,98.99327850341797,203.00836181640625,228.0049591064453,566.00244140625,1228.0,87.2828598022461,52.81852722167969
topaneu_center1_mr_061_0000.nii.gz,MRA,243,445,356,0.3819440007209778,0.3819440007209778,0.44988489151000977,0.0,0.0,0.0,0.0,54.99613952636719,129.99722290039062,145.0009307861328,285.0006103515625,572.0,50.25457000732422,32.99932861328125,1.0037384033203125,1.0037384033203125,1.0037384033203125,1.998748779296875,57.00361633300781,131.00096130371094,145.99594116210938,288.99810791015625,572.0,52.634307861328125,31.86324119567871
topaneu_center1_mr_064_0000.nii.gz,MRA,248,465,390,0.3819440007209778,0.3819440007209778,0.4499669671058655,0.0,0.0,0.0,0.0,43.99761962890625,110.99766540527344,120.0032958984375,234.00027465820312,504.0,40.127655029296875,27.22283363342285,0.9997711181640625,0.9997711181640625,0.9997711181640625,1.999542236328125,44.99739074707031,110.99766540527344,120.0032958984375,237.99935913085938,504.0,41.835655212402344,26.479633331298828
topaneu_center1_mr_076_0000.nii.gz,MRA,200,447,369,0.390625,0.3906249701976776,0.49960169196128845,0.0,0.0,0.0,0.0,63.00364685058594,167.00205993652344,183.9971923828125,369.0082092285156,1208.0,57.874183654785156,45.0228385925293,0.9953765273094177,0.9953765273094177,0.9953765273094177,0.9953765273094177,66.00820922851562,167.9974365234375,184.99256896972656,373.0081481933594,1208.0,59.663841247558594,44.530452728271484
topaneu_center1_mr_085_0000.nii.gz,MRA,180,729,586,0.2455357164144516,0.2455357164144516,0.5000025629997253,0.0,0.0,0.0,0.0,87.00303649902344,222.00047302246094,241.00265502929688,399.99725341796875,866.0,79.33253479003906,52.670074462890625,2.9996490478515625,5.999298095703125,7.003586292266846,7.003586292266846,88.99839782714844,222.00047302246094,241.00265502929688,404.0011901855469,866.0,81.56273651123047,51.6741943359375
topaneu_center1_mr_088_0000.nii.gz,MRA,248,437,376,0.38194403052330017,0.3819440007209778,0.450007826089859,0.0,0.0,0.0,0.0,59.0014533996582,143.0043182373047,153.99734497070312,338.0058898925781,778.0,56.05686569213867,38.23265075683594,0.9972076416015625,0.9972076416015625,1.994415283203125,1.994415283203125,62.004947662353516,143.0043182373047,154.9945526123047,343.0038146972656,778.0,58.630889892578125,37.12059020996094
topaneu_center1_mr_092_0000.nii.gz,MRA,143,742,546,0.2511160671710968,0.2511160671710968,0.7000007629394531,0.0,0.0,0.0,0.0,49.00197219848633,113.00243377685547,120.00385284423828,208.9991455078125,522.0,42.48779296875,31.366228103637695,1.9992676973342896,3.0028841495513916,3.998535394668579,3.998535394668579,56.99904251098633,115.00170135498047,122.00312042236328,223.00198364257812,522.0,48.64274978637695,28.7570743560791
topaneu_center1_mr_113_0000.nii.gz,MRA,229,496,380,0.3819439709186554,0.3819440007209778,0.4500260353088379,0.0,0.0,0.0,0.0,61.00526809692383,175.99789428710938,207.9989013671875,378.0032958984375,1002.0,60.039161682128906,50.0535774230957,0.9938201308250427,0.9938201308250427,0.9938201308250427,2.0029296875,73.00755310058594,183.00050354003906,217.0044403076172,400.998779296875,1002.0,70.93329620361328,46.767539978027344
topaneu_center1_mr_119_0000.nii.gz,MRA,206,403,370,0.3819440007209778,0.3819440007209778,0.4499951899051666,0.0,0.0,0.0,0.0,68.0042724609375,132.99554443359375,152.9975128173828,367.99749755859375,793.0,58.91828918457031,38.811771392822266,1.00433349609375,1.00433349609375,1.996566653251648,1.996566653251648,70.00083923339844,133.9998779296875,154.99407958984375,372.9949645996094,793.0,60.871978759765625,37.912776947021484
topaneu_center1_mr_121_0000.nii.gz,MRA,248,402,343,0.3819440007209778,0.3819440007209778,0.4500824511051178,0.0,0.0,0.0,0.0,76.99626159667969,175.00160217285156,197.996337890625,460.0058288574219,910.0,71.16610717773438,47.95730209350586,0.9997711181640625,0.9997711181640625,0.9997711181640625,1.999542236328125,80.99534606933594,177.0011444091797,199.99588012695312,468.0039978027344,910.0,74.52565002441406,46.45538330078125
topaneu_center1_mr_129_0000.nii.gz,MRA,160,731,564,0.2511160671710968,0.2511160373687744,0.6999990940093994,0.0,0.0,0.0,0.0,55.998321533203125,101.00137329101562,112.99687194824219,240.9971923828125,475.0,46.756187438964844,29.215028762817383,2.000457763671875,3.0006866455078125,3.0006866455078125,4.00091552734375,56.99855041503906,101.00137329101562,113.99710083007812,243.9978790283203,475.0,48.3553466796875,28.37925148010254
topaneu_center1_mr_136_0000.nii.gz,MRA,199,473,368,0.3819440007209778,0.3819439709186554,0.4498933255672455,0.0,0.0,0.0,0.0,97.99327850341797,271.9976806640625,303.9974060058594,446.0020751953125,1029.0,91.63477325439453,61.440704345703125,1.004898190498352,1.004898190498352,1.004898190498352,1.9940948486328125,100.0030746459961,273.0025634765625,305.0022888183594,450.0059814453125,1029.0,94.72698974609375,60.078529357910156
topaneu_center1_mr_138_0000.nii.gz,MRA,202,465,392,0.390625,0.390625,0.5001065731048584,0.0,0.0,0.0,0.0,67.99948120117188,176.00674438476562,194.0033721923828,433.99505615234375,901.0,64.35276794433594,44.386451721191406,1.003631591796875,1.003631591796875,1.003631591796875,1.993514895439148,70.00674438476562,176.9966278076172,194.99325561523438,437.995849609375,901.0,66.38004302978516,43.562042236328125
topaneu_center1_mr_144_0000.nii.gz,MRA,240,480,356,0.3819440007209778,0.3819440007209778,0.44988909363746643,0.0,0.0,0.0,0.0,91.99735260009766,202.00633239746094,223.99497985839844,483.99676513671875,1077.0,79.90255737304688,51.725242614746094,1.0024720430374146,1.0024720430374146,1.0024720430374146,2.004944086074829,94.0022964477539,202.99237060546875,225.9999237060547,492.0001220703125,1077.0,82.96910095214844,50.23698043823242
topaneu_center1_mr_147_0000.nii.gz,MRA,196,465,381,0.390625,0.390625,0.5001830458641052,0.0,0.0,0.0,0.0,64.99827575683594,170.9977569580078,192.00140380859375,364.9989318847656,814.0,62.59075164794922,43.91726303100586,1.006088376045227,1.006088376045227,1.006088376045227,1.9997559785842896,66.99803161621094,172.00384521484375,194.00115966796875,368.9984436035156,814.0,64.65362548828125,43.115203857421875
topaneu_center1_mr_148_0000.nii.gz,MRA,196,454,354,0.3906250298023224,0.390625,0.500012993812561,0.0,0.0,0.0,0.0,73.99555969238281,184.99514770507812,206.00283813476562,414.0052185058594,819.0,68.84309387207031,47.51386642456055,0.9997711181640625,0.9997711181640625,0.9997711181640625,1.999542236328125,75.99510192871094,184.99514770507812,208.00238037109375,419.00408935546875,819.0,71.330322265625,46.4942626953125
topaneu_center1_mr_149_0000.nii.gz,MRA,248,433,383,0.3819440007209778,0.3819439709186554,0.45006051659584045,0.0,0.0,0.0,0.0,56.9971809387207,134.00457763671875,159.9951171875,329.0040588378906,710.0,53.79157638549805,39.31511306762695,0.9967193603515625,0.9967193603515625,0.9967193603515625,0.9967193603515625,59.998172760009766,135.99801635742188,161.00267028808594,333.99847412109375,710.0,56.07537841796875,38.5128173828125
topaneu_center1_mr_157_0000.nii.gz,MRA,240,430,348,0.3819440007209778,0.3819440007209778,0.44997790455818176,0.0,0.0,0.0,0.0,66.99455261230469,185.9945526123047,200.99688720703125,416.00390625,867.0,64.17597198486328,47.921024322509766,1.005447506904602,1.005447506904602,1.005447506904602,1.005447506904602,69.99766540527344,185.9945526123047,202.9945526123047,421.0046691894531,867.0,66.8065414428711,47.06182861328125
topaneu_center1_mr_173_0000.nii.gz,MRA,229,461,356,0.38194403052330017,0.3819440007209778,0.4499863088130951,0.0,0.0,0.0,0.0,69.9970703125,171.99514770507812,184.9981231689453,380.0016784667969,897.0,61.92051315307617,46.23897171020508,0.999176025390625,0.999176025390625,0.999176025390625,0.999176025390625,72.99459838867188,172.99432373046875,185.99729919433594,385.9967346191406,897.0,64.27558135986328,45.47512435913086
topaneu_center1_mr_177_0000.nii.gz,MRA,160,721,610,0.2343750149011612,0.234375,0.6999993920326233,0.0,0.0,0.0,0.0,48.99769592285156,105.99972534179688,113.00199890136719,213.99749755859375,398.0,42.11604309082031,26.51734161376953,1.998046875,4.002166748046875,4.002166748046875,4.002166748046875,49.999755859375,107.00178527832031,113.99798583984375,216.00161743164062,398.0,43.59751510620117,25.754915237426758
topaneu_center1_mr_178_0000.nii.gz,MRA,243,465,362,0.3819440007209778,0.3819440007209778,0.4500397741794586,0.0,0.0,0.0,0.0,77.00077819824219,195.99688720703125,216.0,416.00311279296875,918.0,72.10772705078125,49.20325469970703,0.9945525527000427,0.9945525527000427,0.9945525527000427,2.00311279296875,79.99844360351562,197.0054473876953,216.9945526123047,421.00390625,918.0,74.57566833496094,48.164005279541016
topaneu_center1_mr_184_0000.nii.gz,MRA,160,733,622,0.234375,0.234375,0.6999966502189636,0.0,0.0,0.0,0.0,53.00178527832031,123.99929809570312,132.00128173828125,226.9977569580078,458.0,47.13230895996094,30.508222579956055,1.998748779296875,3.99749755859375,3.99749755859375,4.9968719482421875,55.00053405761719,123.99929809570312,132.00128173828125,230.00286865234375,458.0,49.04379653930664,29.576213836669922
topaneu_center1_mr_188_0000.nii.gz,MRA,223,434,367,0.38194403052330017,0.3819439709186554,0.44975563883781433,0.0,0.0,0.0,0.0,73.99862670898438,211.99908447265625,234.00320434570312,441.9952087402344,915.0,70.42481231689453,51.72660827636719,1.005264401435852,1.005264401435852,1.005264401435852,1.005264401435852,75.99519348144531,213.0043487548828,234.9945068359375,444.9970397949219,915.0,72.701416015625,50.95708465576172
topaneu_center1_mr_189_0000.nii.gz,MRA,193,740,649,0.2343750149011612,0.2343749850988388,0.499994695186615,0.0,0.0,0.0,0.0,118.99839782714844,313.9967346191406,337.00115966796875,484.9925231933594,1055.0,110.41512298583984,73.829833984375,6.0046539306640625,8.000839233398438,8.998931884765625,9.997024536132812,123.00686645507812,314.99481201171875,337.9992370605469,491.9952697753906,1055.0,113.62039184570312,72.42164611816406
topaneu_center1_mr_191_0000.nii.gz,MRA,184,698,576,0.2455357164144516,0.2455357164144516,0.49999794363975525,0.0,0.0,0.0,0.0,104.00614929199219,249.99673461914062,271.9932861328125,537.9935302734375,1079.0,92.70536804199219,61.62102127075195,4.0008697509765625,5.993072509765625,6.997406005859375,8.001739501953125,107.002685546875,251.00106811523438,272.99761962890625,544.0030517578125,1079.0,95.68317413330078,60.28427505493164
topaneu_center1_mr_193_0000.nii.gz,MRA,204,355,321,0.43650802969932556,0.4365079700946808,0.4700010418891907,0.0,0.0,0.0,0.0,47.00282287597656,108.00076293945312,114.00045776367188,211.99755859375,410.0,43.73046875,29.642658233642578,1.0009918212890625,1.0009918212890625,1.0009918212890625,1.0009918212890625,49.999542236328125,109.00175476074219,114.00045776367188,215.0005340576172,410.0,45.569854736328125,28.841392517089844
topaneu_center1_mr_195_0000.nii.gz,MRA,219,445,379,0.3819439709186554,0.3819440007209778,0.45004987716674805,0.0,0.0,0.0,0.0,89.99404907226562,230.00448608398438,249.00233459472656,519.9996337890625,1056.0,83.66259002685547,59.98094940185547,0.9990386962890625,0.9990386962890625,0.9990386962890625,1.998077392578125,91.99212646484375,231.00352478027344,250.00137329101562,526.992919921875,1056.0,86.23330688476562,59.04727554321289
topaneu_center1_mr_198_0000.nii.gz,MRA,248,414,368,0.3819440007209778,0.3819439709186554,0.44997167587280273,0.0,0.0,0.0,0.0,73.99981689453125,148.99583435058594,164.00270080566406,377.9942321777344,837.0,62.1641960144043,44.30197525024414,0.9962005019187927,0.9962005019187927,0.9962005019187927,0.9962005019187927,76.00498962402344,148.99583435058594,165.99510192871094,385.0059509277344,837.0,64.71446990966797,43.33755111694336
topaneu_center1_mr_200_0000.nii.gz,MRA,199,711,586,0.2455357164144516,0.2455357164144516,0.4999980926513672,0.0,0.0,0.0,0.0,100.99968719482422,251.0026397705078,285.99603271484375,503.9955139160156,1027.0,90.87457275390625,59.467323303222656,4.999053955078125,7.992217540740967,8.995162963867188,9.99810791015625,103.99285125732422,252.00558471679688,288.0019226074219,508.0072937011719,1027.0,93.82412719726562,58.089622497558594
topaneu_center1_mr_202_0000.nii.gz,MRA,203,437,368,0.3819440007209778,0.3819440007209778,0.45019426941871643,0.0,0.0,0.0,0.0,70.00155639648438,183.9971466064453,197.99459838867188,434.9933166503906,937.0,65.41639709472656,49.8224983215332,1.0008392333984375,1.0008392333984375,1.0008392333984375,1.0008392333984375,73.00407409667969,183.9971466064453,198.9954376220703,439.9975280761719,937.0,67.4912109375,49.20345687866211
topaneu_center1_mr_210_0000.nii.gz,MRA,158,737,564,0.2511160671710968,0.2511160671710968,0.700000524520874,0.0,0.0,0.0,0.0,49.99908447265625,103.00321960449219,116.00079345703125,204.99989318847656,478.0,43.71824645996094,28.582761764526367,1.998504638671875,2.9977569580078125,3.99700927734375,3.99700927734375,50.99833679199219,104.00247192382812,117.00004577636719,207.99765014648438,478.0,45.0905647277832,27.941734313964844
topaneu_center1_mr_211_0000.nii.gz,MRA,248,453,360,0.3819440007209778,0.3819440007209778,0.4500073492527008,0.0,0.0,0.0,0.0,87.00765228271484,206.0029296875,222.00489807128906,497.00714111328125,1069.0,74.93846893310547,55.171730041503906,0.9950255751609802,0.9950255751609802,0.9950255751609802,0.9950255751609802,89.99272155761719,206.99795532226562,222.9999237060547,505.9949951171875,1069.0,78.17987060546875,54.057098388671875
topaneu_center1_mr_213_0000.nii.gz,MRA,243,497,386,0.3819440007209778,0.3819440007209778,0.44978949427604675,0.0,0.0,0.0,0.0,76.0057373046875,185.00575256347656,203.999755859375,426.9935302734375,974.0,71.16155242919922,48.38371276855469,0.9957732558250427,0.9957732558250427,0.9957732558250427,0.9957732558250427,78.99305725097656,186.00152587890625,204.9955291748047,431.00634765625,974.0,73.48914337158203,47.39726638793945
topaneu_center1_mr_221_0000.nii.gz,MRA,230,477,360,0.3819440007209778,0.3819440007209778,0.4499574303627014,0.0,0.0,0.0,0.0,67.00541687011719,159.993896484375,178.00076293945312,400.99853515625,880.0,61.091514587402344,43.39249801635742,0.993667483329773,0.993667483329773,2.000762939453125,2.000762939453125,69.00617980957031,161.00099182128906,178.9944305419922,405.00006103515625,880.0,62.809356689453125,42.7546272277832
topaneu_center1_mr_229_0000.nii.gz,MRA,219,461,376,0.3819440007209778,0.3819439709186554,0.45007309317588806,0.0,0.0,0.0,0.0,53.99726867675781,148.0009002685547,165.9960174560547,329.00079345703125,781.0,52.898399353027344,37.81449508666992,1.0010528564453125,1.0010528564453125,1.0010528564453125,2.002105712890625,55.99937438964844,149.001953125,166.9970703125,332.0039367675781,781.0,54.44925308227539,37.248023986816406
topaneu_center1_mr_241_0000.nii.gz,MRA,287,449,358,0.3819440007209778,0.3819440007209778,0.4499991834163666,0.0,0.0,0.0,0.0,71.99978637695312,185.9927978515625,226.00686645507812,543.9966430664062,1046.0,66.42534637451172,53.59288787841797,1.005539059638977,1.005539059638977,1.005539059638977,1.9951171875,76.0059814453125,188.00387573242188,229.99710083007812,551.9930419921875,1046.0,69.41250610351562,52.858436584472656
topaneu_center1_mr_247_0000.nii.gz,MRA,248,485,370,0.3819440007209778,0.3819440007209778,0.4499213695526123,0.0,0.0,0.0,0.0,47.997802734375,105.99771118164062,123.99798583984375,311.9989013671875,576.0,45.74830627441406,33.07246780395508,1.0019683837890625,1.0019683837890625,1.0019683837890625,2.003936767578125,48.99977111816406,106.99967956542969,124.99995422363281,314.9960021972656,576.0,46.99540328979492,32.6342887878418
topaneu_center1_mr_251_0000.nii.gz,MRA,266,789,580,0.234375,0.2343749850988388,0.4999999701976776,0.0,0.0,0.0,0.0,81.00442504882812,167.0023651123047,193.9993896484375,383.0052795410156,875.0,70.6482925415039,51.407657623291016,3.004119873046875,4.0054931640625,4.9935150146484375,4.9935150146484375,84.99656677246094,168.0037384033203,196.00213623046875,390.00152587890625,875.0,73.24992370605469,50.492549896240234
topaneu_center1_mr_262_0000.nii.gz,MRA,195,785,574,0.2343749850988388,0.234375,0.5000572800636292,0.0,0.0,0.0,0.0,77.99444580078125,177.99853515625,193.00146484375,338.0027770996094,754.0,69.94432067871094,44.48114013671875,5.004806995391846,6.9952239990234375,6.9952239990234375,7.996185779571533,79.99636840820312,178.99949645996094,193.00146484375,341.9951171875,754.0,72.27730560302734,43.31217956542969
topaneu_center1_mr_264_0000.nii.gz,MRA,233,461,379,0.3819440007209778,0.3819439709186554,0.4499763548374176,0.0,0.0,0.0,0.0,75.99822998046875,182.00106811523438,201.99453735351562,411.0040588378906,944.0,68.52735900878906,48.91106033325195,0.993911623954773,0.993911623954773,0.993911623954773,0.993911623954773,78.00045776367188,182.99497985839844,203.0028533935547,416.00244140625,944.0,70.54728698730469,48.1695671081543
topaneu_center1_mr_282_0000.nii.gz,MRA,248,453,372,0.38194403052330017,0.3819440007209778,0.44984063506126404,0.0,0.0,0.0,0.0,65.00428771972656,168.003662109375,190.99363708496094,413.0023193359375,878.0,62.814735412597656,44.610782623291016,1.004806637763977,1.004806637763977,1.9962158203125,1.9962158203125,68.00531005859375,168.9950714111328,191.99844360351562,417.9995422363281,878.0,64.85440826416016,43.84589385986328
topaneu_center1_mr_287_0000.nii.gz,MRA,223,461,376,0.3819440007209778,0.3819439709186554,0.4497329890727997,0.0,0.0,0.0,0.0,74.99870300292969,185.0012969970703,202.99221801757812,448.0025939941406,1105.0,68.65772247314453,49.67624282836914,0.9948118925094604,0.9948118925094604,0.9948118925094604,0.9948118925094604,78.0,185.0012969970703,204.00389099121094,452.9934997558594,1105.0,70.8687515258789,48.89280319213867
topaneu_center1_mr_290_0000.nii.gz,MRA,219,442,360,0.3819440007209778,0.38194403052330017,0.45006048679351807,0.0,0.0,0.0,0.0,35.00389099121094,98.0,111.00389099121094,215.00389099121094,510.0,36.235923767089844,30.47402000427246,1.0038909912109375,1.0038909912109375,1.0038909912109375,2.0,44.0,100.0,114.0,231.00389099121094,510.0,42.278743743896484,28.77586555480957
topaneu_center1_mr_298_0000.nii.gz,MRA,193,680,580,0.2455357164144516,0.2455357164144516,0.4999993145465851,0.0,0.0,0.0,0.0,63.99709701538086,146.00083923339844,163.99952697753906,279.99725341796875,521.0,60.59092712402344,33.893272399902344,5.000518798828125,7.997649669647217,8.999343872070312,10.00103759765625,66.00048828125,147.00253295898438,163.99952697753906,282.0006408691406,521.0,62.421119689941406,32.698768615722656
topaneu_center1_mr_299_0000.nii.gz,MRA,142,701,544,0.251116007566452,0.251116007566452,0.69997638463974,0.0,0.0,0.0,0.0,78.99649047851562,174.99732971191406,184.99717712402344,320.9974060058594,755.0,69.3401870727539,43.63509750366211,2.9953460693359375,4.9999237060546875,6.0022125244140625,6.0022125244140625,82.00335693359375,174.99732971191406,185.9994659423828,324.0042724609375,755.0,71.40836334228516,42.58082962036133
topaneu_center1_mr_301_0000.nii.gz,MRA,154,695,588,0.2511160671710968,0.2511160671710968,0.7000007033348083,0.0,0.0,0.0,0.0,124.0,236.99610900878906,264.0,550.0077514648438,1020.0,103.84075927734375,64.6619873046875,4.0,7.0038909912109375,8.996109008789062,10.007781982421875,126.00778198242188,238.00778198242188,264.99609375,556.0,1020.0,107.03387451171875,62.991844177246094
topaneu_center1_mr_302_0000.nii.gz,MRA,196,698,582,0.2455357164144516,0.2455357164144516,0.49999815225601196,0.0,0.0,0.0,0.0,108.99595642089844,306.0059509277344,332.00152587890625,520.0057983398438,1030.0,104.4549331665039,70.23348999023438,4.9979400634765625,6.9939727783203125,7.999847412109375,9.005722045898438,111.99786376953125,306.9961242675781,333.0074157714844,525.0037841796875,1030.0,108.16702270507812,68.60404968261719
topaneu_center1_mr_308_0000.nii.gz,MRA,160,740,654,0.234375,0.234375,0.7000046372413635,0.0,0.0,0.0,0.0,87.00202941894531,221.9957733154297,247.9950714111328,399.0050048828125,746.0,86.08402252197266,50.040245056152344,4.9972381591796875,8.002410888671875,9.994476318359375,11.9979248046875,88.00375366210938,222.99749755859375,248.99679565429688,399.995361328125,746.0,87.28717041015625,49.335628509521484
topaneu_center1_mr_311_0000.nii.gz,MRA,248,441,358,0.3819440007209778,0.3819440007209778,0.44995081424713135,0.0,0.0,0.0,0.0,67.00541687011719,142.99412536621094,163.0017547607422,390.9947204589844,880.0,60.1381950378418,42.397647857666016,0.993667483329773,0.993667483329773,0.993667483329773,2.000762939453125,69.00617980957031,144.001220703125,163.99542236328125,396.99700927734375,880.0,61.99235916137695,41.689788818359375
topaneu_center1_mr_316_0000.nii.gz,MRA,248,473,368,0.3819439709186554,0.3819440007209778,0.449960321187973,0.0,0.0,0.0,0.0,53.99626159667969,129.00389099121094,140.99588012695312,258.9955749511719,605.0,49.913387298583984,33.62431716918945,0.9970244765281677,0.9970244765281677,0.9970244765281677,2.0032806396484375,55.00251770019531,129.00389099121094,142.00213623046875,260.99884033203125,605.0,51.448856353759766,32.960227966308594
topaneu_center1_mr_325_0000.nii.gz,MRA,258,481,372,0.3819440007209778,0.38194403052330017,0.4500812888145447,0.0,0.0,0.0,0.0,45.00389099121094,117.00389099121094,128.0,234.0,510.0,43.33558654785156,29.06386947631836,1.0038909912109375,1.0038909912109375,2.0,2.0,47.00389099121094,118.0,128.0,238.0,510.0,45.129852294921875,28.26142120361328
topaneu_center1_mr_327_0000.nii.gz,MRA,243,480,363,0.3819440007209778,0.3819440007209778,0.4499906599521637,0.0,0.0,0.0,0.0,91.99134826660156,215.00051879882812,243.00900268554688,561.9989013671875,1289.0,82.93095397949219,55.79188537597656,1.00311279296875,1.00311279296875,2.0062255859375,2.0062255859375,93.99757385253906,216.00363159179688,245.99867248535156,569.0009765625,1289.0,85.8697280883789,54.504005432128906
topaneu_center1_mr_330_0000.nii.gz,MRA,204,437,391,0.3819440007209778,0.3819439709186554,0.4500071704387665,0.0,0.0,0.0,0.0,42.99688720703125,110.00311279296875,120.99922943115234,221.0007781982422,459.0,40.937496185302734,29.061016082763672,1.001556396484375,1.001556396484375,1.001556396484375,2.00311279296875,45.0,110.00311279296875,122.00078582763672,223.99844360351562,459.0,42.20554733276367,28.586427688598633
topaneu_center1_mr_334_0000.nii.gz,MRA,248,418,356,0.38194403052330017,0.3819440007209778,0.45000001788139343,0.0,0.0,0.0,0.0,64.00041198730469,152.99807739257812,172.00343322753906,397.0035095214844,813.0,58.71650314331055,42.13486099243164,1.004852294921875,1.004852294921875,1.004852294921875,1.004852294921875,67.0025634765625,154.0029296875,174.000732421875,402.0029602050781,813.0,61.27425765991211,41.182010650634766
topaneu_center1_mr_336_0000.nii.gz,MRA,160,743,562,0.251116007566452,0.251116007566452,0.7000668048858643,0.0,0.0,0.0,0.0,72.99664306640625,145.0031280517578,166.99563598632812,335.00341796875,721.0,64.99630737304688,41.34516525268555,3.00347900390625,4.9947967529296875,5.9959564208984375,5.9959564208984375,76.0001220703125,147.0054473876953,167.99679565429688,339.99822998046875,721.0,67.50267028808594,40.07685852050781
topaneu_center1_mr_342_0000.nii.gz,MRA,200,741,576,0.2455357164144516,0.2455357164144516,0.5000004768371582,0.0,0.0,0.0,0.0,134.00839233398438,302.99810791015625,337.9993896484375,621.0081787109375,1310.0,119.06228637695312,68.93220520019531,6.9962615966796875,10.994125366210938,11.99359130859375,12.993057250976562,136.00732421875,304.9970397949219,339.9983215332031,626.0054931640625,1310.0,123.06652069091797,66.47305297851562
topaneu_center1_mr_349_0000.nii.gz,MRA,233,437,410,0.3819440007209778,0.3819439709186554,0.44990211725234985,0.0,0.0,0.0,0.0,93.99661254882812,207.99290466308594,230.00572204589844,565.9927978515625,1233.0,82.38219451904297,57.575626373291016,0.9971618056297302,0.9971618056297302,0.9971618056297302,0.9971618056297302,95.99093627929688,209.00888061523438,231.0028839111328,572.9917602539062,1233.0,84.98241424560547,56.556243896484375
topaneu_center1_mr_350_0000.nii.gz,MRA,209,418,368,0.3819440007209778,0.3819439709186554,0.4500215947628021,0.0,0.0,0.0,0.0,62.00491714477539,148.99937438964844,169.0038604736328,386.9975280761719,842.0,58.97566223144531,43.33222961425781,1.002151608467102,1.002151608467102,1.002151608467102,1.002151608467102,64.99851989746094,150.00152587890625,170.00601196289062,391.0061340332031,842.0,60.940834045410156,42.66720962524414
topaneu_center1_mr_354_0000.nii.gz,MRA,149,725,544,0.251116007566452,0.251116007566452,0.6999737620353699,0.0,0.0,0.0,0.0,68.99931335449219,155.99610900878906,170.0025177001953,293.9947204589844,705.0,62.4796028137207,40.94133758544922,3.001373291015625,5.002288818359375,6.00274658203125,6.00274658203125,72.00068664550781,156.99656677246094,171.0029754638672,297.9965515136719,705.0,64.5223388671875,39.98991394042969
topaneu_center1_mr_359_0000.nii.gz,MRA,122,695,558,0.2511160671710968,0.2511160671710968,0.7000045776367188,1.996612548828125,3.0047225952148438,3.9987330436706543,3.9987330436706543,49.00414276123047,108.99726104736328,117.99974822998047,233.0018310546875,464.0,44.8475341796875,27.30034637451172,1.996612548828125,3.0047225952148438,3.9987330436706543,3.9987330436706543,49.00414276123047,108.99726104736328,117.99974822998047,233.0018310546875,464.0,44.8475341796875,27.30034637451172
topaneu_center1_mr_364_0000.nii.gz,MRA,196,449,362,0.3819440007209778,0.3819440007209778,0.4500685930252075,0.0,0.0,0.0,0.0,71.99826049804688,190.0050048828125,206.99705505371094,495.9934997558594,1078.0,68.22549438476562,51.85249710083008,1.003402829170227,1.003402829170227,1.003402829170227,1.003402829170227,74.00506591796875,190.0050048828125,208.00045776367188,501.9974670410156,1078.0,70.30032348632812,51.2307243347168
topaneu_center1_mr_365_0000.nii.gz,MRA,248,469,364,0.3819440007209778,0.3819439709186554,0.4500283896923065,0.0,0.0,0.0,0.0,51.99969482421875,112.00244140625,122.99992370605469,241.99832153320312,440.0,48.21546173095703,29.61178970336914,1.0003814697265625,1.0003814697265625,2.000762939453125,2.000762939453125,53.00007629394531,113.00282287597656,124.00030517578125,245.99984741210938,440.0,50.08305740356445,28.58824348449707
topaneu_center1_mr_374_0000.nii.gz,MRA,240,476,387,0.3819440007209778,0.3819440007209778,0.4500105679035187,0.0,0.0,0.0,0.0,71.99774169921875,204.00253295898438,218.00283813476562,338.0035400390625,878.0,69.21731567382812,51.23622131347656,1.004806637763977,1.004806637763977,1.004806637763977,1.004806637763977,74.99876403808594,204.00253295898438,218.99424743652344,344.0055847167969,878.0,71.46183776855469,50.4963264465332
topaneu_center1_mr_386_0000.nii.gz,MRA,209,457,408,0.3819439709186554,0.3819440007209778,0.45008131861686707,0.0,0.0,0.0,0.0,48.99684524536133,142.00393676757812,154.99803161621094,350.9957580566406,678.0,48.5440559387207,37.387794494628906,1.003524899482727,1.003524899482727,1.9967041015625,1.9967041015625,51.0038948059082,142.00393676757812,156.00155639648438,354.99951171875,678.0,49.971351623535156,36.98138427734375
topaneu_center1_mr_393_0000.nii.gz,MRA,233,441,375,0.3819440007209778,0.3819440007209778,0.4500350058078766,0.0,0.0,0.0,0.0,67.00138854980469,172.9951629638672,207.99609375,482.00262451171875,902.0,62.85997009277344,48.474525451660156,1.004745602607727,1.004745602607727,1.004745602607727,1.004745602607727,70.00186157226562,173.99990844726562,212.00131225585938,485.0030822753906,902.0,64.7925796508789,47.924983978271484
topaneu_center1_mr_396_0000.nii.gz,MRA,168,449,332,0.4101560413837433,0.4101559817790985,0.549997866153717,0.0,0.0,0.0,0.0,53.997222900390625,111.00157165527344,121.00233459472656,193.0009307861328,452.0,48.691932678222656,29.8879451751709,1.0000762939453125,1.0000762939453125,1.0000762939453125,2.000152587890625,55.99737548828125,111.00157165527344,122.00241088867188,194.00100708007812,452.0,50.007171630859375,29.182992935180664
topaneu_center1_mr_398_0000.nii.gz,MRA,248,457,376,0.3819440007209778,0.38194403052330017,0.4499823749065399,0.0,0.0,0.0,0.0,74.99510192871094,183.9951171875,197.99539184570312,383.9969177246094,974.0,67.72620391845703,48.53158950805664,0.9957732558250427,0.9957732558250427,0.9957732558250427,0.9957732558250427,77.00151062011719,185.00575256347656,199.0060272216797,390.9970703125,974.0,70.42525482177734,47.52997970581055
topaneu_center1_mr_401_0000.nii.gz,MRA,181,686,570,0.2455357164144516,0.2455357164144516,0.49999675154685974,0.0,0.0,0.0,0.0,117.00617980957031,280.9979248046875,302.0004577636719,548.0064086914062,1200.0,105.65958404541016,68.39295196533203,3.991760015487671,6.9947357177734375,8.0018310546875,9.008926391601562,119.00205993652344,282.0050354003906,303.007568359375,555.0011596679688,1200.0,109.36054992675781,66.60855865478516
topaneu_center1_mr_411_0000.nii.gz,MRA,198,723,544,0.2455357313156128,0.2455357015132904,0.5000001192092896,0.0,0.0,0.0,0.0,120.99787139892578,297.9981994628906,337.99993896484375,619.0048217773438,1301.0,108.26573944091797,68.67797088623047,5.99530029296875,8.992950439453125,10.998001098632812,11.9906005859375,123.99552154541016,300.00323486328125,340.9975891113281,625.0001220703125,1301.0,112.21247100830078,66.67633056640625
topaneu_center1_mr_414_0000.nii.gz,MRA,246,434,362,0.3819440007209778,0.38194403052330017,0.4499601423740387,0.0,0.0,0.0,0.0,59.0068244934082,149.99432373046875,162.99253845214844,345.99725341796875,978.0,55.185794830322266,40.24744415283203,0.9998626708984375,0.9998626708984375,0.9998626708984375,0.9998626708984375,62.006412506103516,149.99432373046875,164.00732421875,350.99658203125,978.0,57.547996520996094,39.411346435546875
topaneu_center1_mr_419_0000.nii.gz,MRA,200,747,574,0.2455357015132904,0.2455357164144516,0.49999740719795227,0.0,0.0,0.0,0.0,129.99166870117188,291.99725341796875,328.0029602050781,594.9918212890625,1308.0,115.43460083007812,66.62882232666016,7.005539417266846,9.999359130859375,10.997299194335938,11.995240211486816,132.00750732421875,292.9952087402344,329.99884033203125,600.9994506835938,1308.0,118.95958709716797,64.46419525146484
topaneu_center1_mr_428_0000.nii.gz,MRA,153,707,590,0.2343749850988388,0.2343750149011612,0.6999969482421875,0.0,0.0,0.0,0.0,50.99897766113281,114.00068664550781,121.0016860961914,201.9966583251953,473.0,46.19032287597656,27.954586029052734,3.0024874210357666,3.998504638671875,5.001739501953125,5.001739501953125,52.00221252441406,114.00068664550781,121.0016860961914,202.99989318847656,473.0,46.66529846191406,27.70071792602539
topaneu_center1_mr_436_0000.nii.gz,MRA,154,469,361,0.3819440007209778,0.3819440007209778,0.45000651478767395,0.0,0.0,0.0,0.0,78.999755859375,181.00437927246094,212.99732971191406,455.99346923828125,947.0,70.10356903076172,50.969825744628906,0.9970703125,0.9970703125,0.9970703125,1.994140625,80.993896484375,182.00144958496094,215.00592041015625,459.9962158203125,947.0,72.14049530029297,50.263938903808594
topaneu_center1_mr_439_0000.nii.gz,MRA,248,414,358,0.3819440007209778,0.3819440007209778,0.45001527667045593,0.0,0.0,0.0,0.0,65.00294494628906,171.99725341796875,189.0004425048828,371.0041809082031,736.0,62.559776306152344,43.928489685058594,0.9995269775390625,0.9995269775390625,0.9995269775390625,0.9995269775390625,68.00152587890625,172.9967803955078,189.99996948242188,376.0018310546875,736.0,65.16899108886719,42.897037506103516
topaneu_center1_mr_443_0000.nii.gz,MRA,158,441,347,0.4101560115814209,0.4101560115814209,0.5499690175056458,0.0,0.0,0.0,0.0,43.997344970703125,118.00005340576172,124.99886322021484,164.0018768310547,369.0,42.931236267089844,28.43140411376953,1.002243161201477,1.002243161201477,1.002243161201477,1.002243161201477,46.001834869384766,118.00005340576172,124.99886322021484,166.000732421875,369.0,44.46528244018555,27.73116111755371
topaneu_center1_mr_463_0000.nii.gz,MRA,288,504,380,0.3819440007209778,0.3819440007209778,0.4499630630016327,0.0,0.0,0.0,0.0,72.00323486328125,161.99298095703125,182.99630737304688,390.9992980957031,937.0,68.34523010253906,49.41972732543945,1.0008392333984375,1.0008392333984375,1.0008392333984375,2.001678466796875,75.00575256347656,162.9938201904297,184.99798583984375,400.9933776855469,937.0,71.16638946533203,48.39784240722656
topaneu_center1_mr_474_0000.nii.gz,MRA,248,437,364,0.3819440007209778,0.3819440007209778,0.44994649291038513,0.0,0.0,0.0,0.0,79.00071716308594,153.00282287597656,171.0006561279297,418.0000305175781,928.0,65.07408905029297,46.471839904785156,1.005386471748352,1.005386471748352,1.005386471748352,1.996612548828125,82.00271606445312,153.99404907226562,172.00604248046875,427.0060119628906,928.0,67.90696716308594,45.40126419067383
topaneu_center1_mr_477_0000.nii.gz,MRA,219,465,364,0.38194403052330017,0.3819440007209778,0.44999250769615173,0.0,0.0,0.0,0.0,77.9937515258789,168.0052032470703,214.9923095703125,534.0032348632812,1060.0,67.57715606689453,50.530792236328125,1.002822995185852,1.002822995185852,1.002822995185852,1.002822995185852,81.0022201538086,169.00802612304688,220.99307250976562,537.9983520507812,1060.0,69.92817687988281,49.77740478515625
topaneu_center1_mr_483_0000.nii.gz,MRA,229,441,360,0.38194403052330017,0.3819440007209778,0.4499792754650116,0.0,0.0,0.0,0.0,73.00540161132812,178.9974822998047,199.99417114257812,421.9936828613281,931.0,67.82549285888672,50.76625442504883,0.9944304823875427,0.9944304823875427,0.9944304823875427,0.9944304823875427,76.99732971191406,180.00611877441406,201.0028076171875,428.00286865234375,931.0,70.13542175292969,50.02975845336914
topaneu_center1_mr_489_0000.nii.gz,MRA,196,680,574,0.2455357015132904,0.2455357164144516,0.4999984800815582,0.0,0.0,0.0,0.0,99.99378204345703,244.99392700195312,277.0032653808594,541.9926147460938,1092.0,89.54806518554688,57.79249572753906,5.998627185821533,7.998169422149658,8.997940063476562,9.997712135314941,102.99309539794922,245.9936981201172,279.0028076171875,547.0081176757812,1092.0,92.87332916259766,56.1708984375
topaneu_center1_mr_490_0000.nii.gz,MRA,226,422,352,0.38194403052330017,0.3819440007209778,0.449882447719574,0.0,0.0,0.0,0.0,77.99870300292969,194.00518798828125,229.00259399414062,484.0,935.0,71.81977844238281,49.2437744140625,0.9987030029296875,0.9987030029296875,0.9987030029296875,1.997406005859375,80.99481201171875,196.00259399414062,231.0,487.99481201171875,935.0,74.15589904785156,48.276180267333984
topaneu_center1_mr_494_0000.nii.gz,MRA,199,453,372,0.3819440007209778,0.3819440007209778,0.4500437378883362,0.0,0.0,0.0,0.0,59.996891021728516,132.00082397460938,151.99978637695312,416.0014343261719,838.0,55.885440826416016,43.248512268066406,0.9973907470703125,0.9973907470703125,0.9973907470703125,0.9973907470703125,62.004459381103516,132.9982147216797,153.99456787109375,421.9985656738281,838.0,57.71485137939453,42.73263931274414
topaneu_center1_mr_496_0000.nii.gz,MRA,216,453,364,0.3819440007209778,0.3819439709186554,0.449837327003479,0.0,0.0,0.0,0.0,63.00187683105469,158.00421142578125,196.99794006347656,496.0071105957031,1023.0,59.59638977050781,45.513832092285156,0.9990386962890625,0.9990386962890625,0.9990386962890625,1.998077392578125,64.99995422363281,159.0032501220703,200.9940948486328,500.0032653808594,1023.0,61.39375686645508,44.98484420776367
topaneu_center1_mr_499_0000.nii.gz,MRA,248,473,348,0.3819440007209778,0.3819440007209778,0.4499001204967499,0.0,0.0,0.0,0.0,78.00636291503906,180.00509643554688,198.9964599609375,518.0015258789062,1021.0,68.8764419555664,49.71489334106445,0.9970855116844177,0.9970855116844177,0.9970855116844177,0.9970855116844177,80.99761962890625,181.00218200683594,201.00621032714844,523.0025024414062,1021.0,71.38381958007812,48.81147384643555
topaneu_center1_mr_501_0000.nii.gz,MRA,246,507,384,0.3819440007209778,0.3819440007209778,0.4499877393245697,0.0,0.0,0.0,0.0,78.00241088867188,169.00035095214844,190.00662231445312,416.00311279296875,958.0,65.31316375732422,48.95984649658203,0.9940337538719177,0.9940337538719177,0.9940337538719177,0.9940337538719177,85.00450134277344,171.9970703125,193.99737548828125,431.0013427734375,958.0,71.8877944946289,46.53737258911133
topaneu_center1_mr_509_0000.nii.gz,MRA,152,765,570,0.234375,0.2343749850988388,0.7000048160552979,0.0,0.0,0.0,0.0,48.0001220703125,91.00138854980469,104.99818420410156,204.9975128173828,364.0,42.74604034423828,24.215721130371094,1.999542236328125,2.9993133544921875,3.99908447265625,4.9988555908203125,48.99989318847656,91.00138854980469,105.99795532226562,207.0026092529297,364.0,44.31544876098633,23.203054428100586
topaneu_center1_mr_516_0000.nii.gz,MRA,156,618,534,0.2511160671710968,0.2511160671710968,0.7000003457069397,2.001983642578125,3.0040385723114014,3.0040385723114014,3.0040385723114014,43.00121307373047,87.00053405761719,95.00482940673828,181.99534606933594,400.0,38.4512939453125,21.149383544921875,2.001983642578125,3.0040385723114014,3.0040385723114014,3.0040385723114014,43.00121307373047,87.00053405761719,95.00482940673828,181.99534606933594,400.0,38.4512939453125,21.149383544921875
topaneu_center1_mr_522_0000.nii.gz,MRA,240,469,376,0.3819440007209778,0.3819440007209778,0.4500182569026947,0.0,0.0,0.0,0.0,76.99610900878906,183.99435424804688,204.00564575195312,432.9958190917969,970.0,69.09439086914062,50.36795425415039,1.006485104560852,1.006485104560852,1.006485104560852,1.006485104560852,78.99427795410156,185.00083923339844,204.99732971191406,439.005126953125,970.0,71.41706085205078,49.56141662597656
topaneu_center1_mr_523_0000.nii.gz,MRA,147,727,596,0.234375,0.234375,0.6999998092651367,0.0,0.0,0.0,0.0,78.00112915039062,146.99522399902344,174.9983367919922,379.9954833984375,692.0,73.64058685302734,43.66132354736328,5.0050811767578125,8.996475219726562,9.999603271484375,11.002731323242188,78.00112915039062,146.99522399902344,176.00146484375,380.99859619140625,692.0,74.45994567871094,43.203147888183594
topaneu_center1_mr_525_0000.nii.gz,MRA,233,679,580,0.2455357164144516,0.2455357164144516,0.49999889731407166,0.0,0.0,0.0,0.0,97.99771118164062,256.99676513671875,281.001708984375,437.0038757324219,982.0,88.61241912841797,58.932491302490234,5.993743896484375,9.005599975585938,9.99456787109375,9.99456787109375,101.99853515625,259.0046691894531,282.0056457519531,448.00238037109375,982.0,92.72570037841797,57.033729553222656
topaneu_center1_mr_527_0000.nii.gz,MRA,233,457,390,0.3819440007209778,0.3819440007209778,0.4498591721057892,0.0,0.0,0.0,0.0,78.00119018554688,202.00308227539062,228.00347900390625,474.0072326660156,1024.0,71.84806060791016,51.99417495727539,1.0000152587890625,1.0000152587890625,1.0000152587890625,1.0000152587890625,81.00123596191406,203.0030975341797,229.0034942626953,480.00732421875,1024.0,74.32337188720703,51.113189697265625
topaneu_center1_mr_528_0000.nii.gz,MRA,248,469,394,0.3819440007209778,0.38194403052330017,0.4499896168708801,0.0,0.0,0.0,0.0,69.99403381347656,159.9950714111328,182.00155639648438,365.00286865234375,799.0,61.38029098510742,42.38615798950195,0.9997406005859375,0.9997406005859375,0.9997406005859375,0.9997406005859375,73.00544738769531,160.99481201171875,183.0012969970703,370.0015563964844,799.0,63.769569396972656,41.40237808227539
topaneu_center1_mr_538_0000.nii.gz,MRA,142,759,622,0.234375,0.234375,0.6999982595443726,0.0,0.0,0.0,0.0,45.998077392578125,85.99771118164062,100.99757385253906,224.99794006347656,492.0,39.52078628540039,26.34286117553711,3.0029754638671875,4.00146484375,4.00146484375,4.9999542236328125,48.0025634765625,87.00370788574219,102.00357055664062,227.00242614746094,492.0,40.8038330078125,25.770566940307617
topaneu_center1_mr_554_0000.nii.gz,MRA,226,437,356,0.3819439709186554,0.3819440007209778,0.4499865770339966,0.0,0.0,0.0,0.0,73.99502563476562,173.99734497070312,190.9968719482422,388.9942626953125,812.0,67.02359771728516,46.81014633178711,1.0036163330078125,1.0036163330078125,1.0036163330078125,1.9948424100875854,77.00587463378906,175.00096130371094,192.00048828125,393.9999694824219,812.0,69.29241943359375,45.91461181640625
topaneu_center1_mr_560_0000.nii.gz,MRA,232,461,370,0.3819440007209778,0.3819440007209778,0.450004518032074,0.0,0.0,0.0,0.0,74.99592590332031,142.00637817382812,167.00502014160156,438.99554443359375,962.0,63.11009216308594,47.190792083740234,0.9981842041015625,0.9981842041015625,0.9981842041015625,0.9981842041015625,78.00515747070312,142.00637817382812,169.0013885498047,444.99932861328125,962.0,65.2471923828125,46.50745391845703
topaneu_center1_mr_561_0000.nii.gz,MRA,187,667,598,0.2455357164144516,0.2455357015132904,0.49999767541885376,0.0,0.0,0.0,0.0,100.00320434570312,252.99520874023438,273.9977111816406,496.9933776855469,930.0,93.60269927978516,59.07925033569336,6.00274658203125,8.997024536132812,10.997940063476562,12.0054931640625,102.99748229980469,254.0027618408203,275.9986267089844,502.9961242675781,930.0,97.0383071899414,57.315635681152344
topaneu_center1_mr_572_0000.nii.gz,MRA,214,461,368,0.3819440007209778,0.3819440007209778,0.4500245749950409,0.0,0.0,0.0,0.0,63.99519348144531,148.00576782226562,162.0010986328125,316.0011901855469,843.0,55.54703140258789,40.88898849487305,1.003341794013977,1.003341794013977,1.003341794013977,1.003341794013977,66.00187683105469,148.99624633789062,162.0010986328125,321.9955139160156,843.0,57.649559020996094,40.174415588378906
topaneu_center1_mr_577_0000.nii.gz,MRA,248,488,375,0.3819440007209778,0.3819440007209778,0.45020541548728943,0.0,0.0,0.0,0.0,110.00021362304688,226.99749755859375,258.99273681640625,609.0082397460938,1333.0,95.72320556640625,64.82917022705078,0.996673583984375,0.996673583984375,1.99334716796875,1.99334716796875,112.990234375,228.9908447265625,261.0064392089844,617.001953125,1333.0,98.96065521240234,63.43961715698242
topaneu_center1_mr_581_0000.nii.gz,MRA,248,434,352,0.3819439709186554,0.3819440007209778,0.45004287362098694,0.0,0.0,0.0,0.0,75.99542236328125,189.99594116210938,206.99705505371094,483.0029602050781,968.0,70.87479400634766,50.61022186279297,1.004409909248352,1.004409909248352,1.004409909248352,1.9940489530563354,78.99388122558594,191.00035095214844,209.00587463378906,488.9998779296875,968.0,73.61198425292969,49.586544036865234
topaneu_center1_mr_585_0000.nii.gz,MRA,246,485,383,0.3819439709186554,0.3819439709186554,0.4500046372413635,0.0,0.0,0.0,0.0,70.00234985351562,176.0015869140625,191.0002899169922,349.0034484863281,826.0,66.90113830566406,43.28260803222656,0.9957122802734375,0.9957122802734375,0.9957122802734375,2.004028558731079,71.9937744140625,176.99729919433594,191.0002899169922,352.9989013671875,826.0,68.8140640258789,42.37114715576172
topaneu_center1_mr_586_0000.nii.gz,MRA,264,443,371,0.390625,0.390625,0.4501055181026459,0.0,0.0,0.0,0.0,60.00555419921875,153.99771118164062,171.99676513671875,391.995361328125,856.0,55.79093933105469,43.233943939208984,1.005752682685852,1.005752682685852,1.005752682685852,1.005752682685852,62.003997802734375,155.0034637451172,173.99520874023438,396.99798583984375,856.0,57.806007385253906,42.66382598876953
topaneu_center1_mr_596_0000.nii.gz,MRA,229,485,376,0.3819439709186554,0.38194406032562256,0.45026612281799316,0.0,0.0,0.0,0.0,63.00053787231445,169.00404357910156,186.0054931640625,346.9964294433594,770.0,61.980716705322266,46.14964294433594,0.9987030029296875,0.9987030029296875,0.9987030029296875,0.9987030029296875,64.99794006347656,170.00274658203125,187.0041961669922,351.00299072265625,770.0,63.92940902709961,45.521114349365234
topaneu_center1_mr_605_0000.nii.gz,MRA,140,739,615,0.234375,0.234375,0.6999999284744263,0.0,0.0,0.0,0.0,113.00173950195312,300.9986572265625,349.9925231933594,584.0044555664062,981.0,109.2560043334961,67.24481201171875,6.0026092529296875,9.999359130859375,11.002288818359375,12.005218505859375,116.99848937988281,304.0074462890625,351.9983825683594,589.004150390625,981.0,112.88612365722656,65.28643035888672
topaneu_center1_mr_607_0000.nii.gz,MRA,137,733,583,0.234375,0.234375,0.7000056505203247,0.0,0.0,0.0,0.0,44.99790954589844,109.00012969970703,114.99909210205078,193.99871826171875,373.0,41.289432525634766,25.774017333984375,1.9977569580078125,4.0012054443359375,4.0012054443359375,4.0012054443359375,45.9996337890625,109.00012969970703,114.99909210205078,196.00216674804688,373.0,42.59107208251953,25.095888137817383
topaneu_center1_mr_612_0000.nii.gz,MRA,332,485,383,0.3819440007209778,0.38194403052330017,0.45005306601524353,0.0,0.0,0.0,0.0,68.00518798828125,183.99679565429688,200.9980926513672,427.9981689453125,1130.0,64.9460220336914,49.108131408691406,1.0000762939453125,1.0000762939453125,1.0000762939453125,1.0000762939453125,73.00556945800781,184.9968719482422,201.9981689453125,437.9989318847656,1130.0,68.23931884765625,48.053768157958984
topaneu_center1_mr_614_0000.nii.gz,MRA,248,460,368,0.3819440007209778,0.3819440007209778,0.449989914894104,0.0,0.0,0.0,0.0,88.99732971191406,216.0030517578125,233.00502014160156,515.9978637695312,1112.0,78.75135040283203,56.43017578125,1.0011138916015625,1.0011138916015625,1.0011138916015625,2.002227783203125,92.00067138671875,217.00416564941406,235.0072479248047,523.0056762695312,1112.0,81.73766326904297,55.32652282714844
topaneu_center1_mr_615_0000.nii.gz,MRA,246,490,356,0.3819440007209778,0.3819440007209778,0.4499896466732025,0.0,0.0,0.0,0.0,91.00659942626953,214.00074768066406,229.00331115722656,519.008056640625,1101.0,79.73313903808594,55.3812255859375,1.008010983467102,1.008010983467102,1.008010983467102,1.008010983467102,93.00582122802734,214.00074768066406,229.99452209472656,525.9969482421875,1101.0,82.42378234863281,54.30292510986328
topaneu_center1_mr_625_0000.nii.gz,MRA,262,705,574,0.2455357164144516,0.2455357164144516,0.5000007748603821,0.0,0.0,0.0,0.0,80.996337890625,197.00030517578125,226.99618530273438,370.99383544921875,815.0,75.05970764160156,51.38583755493164,4.9993133544921875,7.00152587890625,7.9964141845703125,9.003738403320312,87.00297546386719,199.0025177001953,231.0006103515625,379.99755859375,815.0,79.68479919433594,49.3422737121582
topaneu_center1_mr_626_0000.nii.gz,MRA,177,710,570,0.2455357164144516,0.2455357164144516,0.5000001788139343,0.0,0.0,0.0,0.0,119.99258422851562,313.0068664550781,339.994873046875,580.9966430664062,1041.0,111.61582946777344,70.9389877319336,7.005126953125,10.00732421875,10.992172241210938,11.992904663085938,123.99551391601562,314.992431640625,340.99560546875,588.0017700195312,1041.0,115.68939971923828,68.88201904296875
topaneu_center1_mr_630_0000.nii.gz,MRA,264,449,380,0.3819440007209778,0.38194403052330017,0.4502200484275818,0.0,0.0,0.0,0.0,70.99351501464844,184.99671936035156,199.9957275390625,411.99603271484375,880.0,66.75120544433594,48.50572967529297,0.993667483329773,0.993667483329773,0.993667483329773,0.993667483329773,74.00137329101562,184.99671936035156,201.00282287597656,417.004638671875,880.0,69.05721282958984,47.695281982421875
topaneu_center1_mr_631_0000.nii.gz,MRA,209,484,394,0.3819440007209778,0.38194403052330017,0.4500564932823181,0.0,0.0,0.0,0.0,49.999542236328125,136.99610900878906,147.996337890625,270.0041198730469,540.0,47.4781379699707,34.46881866455078,0.9970244765281677,0.9970244765281677,0.9970244765281677,2.002288818359375,52.0018310546875,136.99610900878906,149.00160217285156,273.00341796875,540.0,48.80500793457031,34.008018493652344
topaneu_center1_mr_637_0000.nii.gz,MRA,240,472,402,0.3819440007209778,0.3819440007209778,0.4501776397228241,0.0,0.0,0.0,0.0,88.99391174316406,205.99569702148438,221.0065460205078,412.00567626953125,936.0,78.81572723388672,53.71160125732422,0.9997711181640625,0.9997711181640625,0.9997711181640625,1.999542236328125,91.99322509765625,206.99546813964844,222.00631713867188,421.00360107421875,936.0,81.87724304199219,52.40543746948242
topaneu_center1_mr_638_0000.nii.gz,MRA,233,481,368,0.3819440007209778,0.3819440007209778,0.45003214478492737,0.0,0.0,0.0,0.0,87.99402618408203,196.0003204345703,217.00570678710938,509.0011901855469,1228.0,75.3539810180664,55.10380935668945,0.9931182265281677,0.9931182265281677,0.9931182265281677,2.004974603652954,89.9990005493164,196.99343872070312,217.9988250732422,516.0092163085938,1228.0,77.6160888671875,54.332374572753906
topaneu_center1_mr_647_0000.nii.gz,MRA,255,473,356,0.3819440007209778,0.38194403052330017,0.45001479983329773,0.0,0.0,0.0,0.0,76.99638366699219,162.00082397460938,177.9989013671875,412.9920959472656,1182.0,66.19771575927734,48.61103439331055,0.991989016532898,0.991989016532898,0.991989016532898,0.991989016532898,81.00041198730469,162.99281311035156,179.00892639160156,421.99212646484375,1182.0,69.00044250488281,47.64127731323242
topaneu_center1_mr_653_0000.nii.gz,MRA,236,445,360,0.3819440007209778,0.3819440007209778,0.4500366747379303,0.0,0.0,0.0,0.0,63.9949951171875,154.99732971191406,177.99742126464844,409.9944152832031,991.0,62.032955169677734,45.977779388427734,0.9980316162109375,0.9980316162109375,0.9980316162109375,1.996063232421875,67.00421142578125,155.995361328125,179.9934844970703,414.99969482421875,991.0,64.08061218261719,45.30475616455078
topaneu_center1_mr_660_0000.nii.gz,MRA,236,442,360,0.3819439709186554,0.38194403052330017,0.44998446106910706,0.0,0.0,0.0,0.0,65.00325012207031,156.005126953125,177.99368286132812,406.0063171386719,876.0,59.98530960083008,44.452510833740234,1.0025177001953125,1.0025177001953125,1.0025177001953125,1.0025177001953125,67.9974365234375,156.99427795410156,178.99620056152344,411.99468994140625,876.0,62.05445098876953,43.76971435546875
topaneu_center1_mr_664_0000.nii.gz,MRA,248,418,386,0.3819440007209778,0.38194403052330017,0.4499862790107727,0.0,0.0,0.0,0.0,89.9986343383789,209.0043182373047,235.00253295898438,524.9946899414062,1027.0,82.4293441772461,56.438236236572266,1.0029449462890625,1.0029449462890625,1.0029449462890625,2.005889892578125,93.99474334716797,210.00726318359375,237.99569702148438,533.0025634765625,1027.0,86.3170166015625,54.77163314819336
topaneu_center1_mr_670_0000.nii.gz,MRA,131,759,635,0.2343749850988388,0.234375,0.7000017762184143,0.0,0.0,0.0,0.0,48.002197265625,105.99880981445312,113.00215148925781,190.9996795654297,396.0,42.367698669433594,26.362247467041016,2.000091552734375,4.00018310546875,4.00018310546875,4.00018310546875,48.99922180175781,105.99880981445312,113.00215148925781,192.99977111816406,396.0,43.73432922363281,25.644039154052734
topaneu_center1_mr_681_0000.nii.gz,MRA,147,653,528,0.2511160671710968,0.2511160671710968,0.6999993920326233,1.997711181640625,2.9928934574127197,4.004525184631348,4.004525184631348,56.00074768066406,117.99813842773438,126.00072479248047,238.99916076660156,541.0,49.06425094604492,30.345272064208984,1.997711181640625,2.9928934574127197,4.004525184631348,4.004525184631348,56.00074768066406,117.99813842773438,126.00072479248047,238.99916076660156,541.0,49.06425094604492,30.345272064208984
topaneu_center1_mr_682_0000.nii.gz,MRA,290,449,376,0.38194403052330017,0.3819440007209778,0.44990989565849304,0.0,0.0,0.0,0.0,91.00181579589844,215.9989471435547,240.00076293945312,508.9914245605469,1139.0,82.45423889160156,57.84145736694336,1.008041501045227,1.008041501045227,1.998702883720398,1.998702883720398,96.00726318359375,217.00698852539062,241.9994659423828,519.9929809570312,1139.0,86.8051528930664,56.075782775878906
topaneu_center1_mr_693_0000.nii.gz,MRA,224,759,583,0.234375,0.2343750149011612,0.4999987781047821,0.0,0.0,0.0,0.0,106.99992370605469,198.00180053710938,228.99801635742188,496.00439453125,851.0,96.00125122070312,57.98858642578125,4.9993896484375,7.9990234375,9.998779296875,10.9986572265625,110.99943542480469,199.00167846679688,231.99765014648438,503.0035400390625,851.0,100.217041015625,55.56842803955078
topaneu_center1_mr_694_0000.nii.gz,MRA,208,438,374,0.390625,0.390625,0.500001072883606,0.0,0.0,0.0,0.0,73.99240112304688,165.00013732910156,183.0039825439453,451.99212646484375,1062.0,66.3293685913086,47.90277099609375,1.004715085029602,1.004715085029602,1.004715085029602,1.99322509765625,76.0018310546875,166.00485229492188,183.99249267578125,458.99273681640625,1062.0,68.6860122680664,47.056724548339844
topaneu_center1_mr_697_0000.nii.gz,MRA,236,429,352,0.3819439709186554,0.3819440007209778,0.4499644935131073,0.0,0.0,0.0,0.0,68.99885559082031,164.9994659423828,186.99855041503906,423.9985046386719,830.0,61.5625114440918,44.646610260009766,1.0005340576171875,1.0005340576171875,1.0005340576171875,1.0005340576171875,72.00045776367188,166.0,190.00015258789062,430.001708984375,830.0,64.28372192382812,43.66348648071289
topaneu_center1_mr_702_0000.nii.gz,MRA,154,635,526,0.251116007566452,0.251116007566452,0.7000412940979004,2.9984130859375,4.998143196105957,5.9930338859558105,5.9930338859558105,79.99300384521484,176.99484252929688,192.99267578125,350.0063171386719,655.0,70.64028930664062,43.65354919433594,2.9984130859375,4.998143196105957,5.9930338859558105,5.9930338859558105,79.99300384521484,176.99484252929688,192.99267578125,350.0063171386719,655.0,70.64028930664062,43.65354919433594
topaneu_center1_mr_713_0000.nii.gz,MRA,243,438,364,0.3819440007209778,0.3819440007209778,0.44992589950561523,0.0,0.0,0.0,0.0,88.99629974365234,203.0035400390625,216.0005645751953,492.0040588378906,1092.0,76.88465118408203,54.79932403564453,0.9997711777687073,0.9997711777687073,0.9997711777687073,1.9995423555374146,90.99584197998047,204.00331115722656,217.00033569335938,498.002685546875,1092.0,79.46410369873047,53.83995056152344
topaneu_center1_mr_720_0000.nii.gz,MRA,168,430,354,0.4101559817790985,0.4101560413837433,0.5499311089515686,0.0,0.0,0.0,0.0,44.99870300292969,111.99740600585938,118.99974060058594,187.0028533935547,374.0,41.80930709838867,28.71662712097168,0.9987030029296875,0.9987030029296875,0.9987030029296875,0.9987030029296875,47.00181579589844,111.99740600585938,118.99974060058594,189.00025939941406,374.0,43.05485534667969,28.206111907958984
topaneu_center1_mr_727_0000.nii.gz,MRA,216,437,348,0.3819440007209778,0.38194403052330017,0.4499495327472687,0.0,0.0,0.0,0.0,70.0054931640625,187.99839782714844,203.9988555908203,459.00091552734375,915.0,65.65557098388672,49.698997497558594,1.005264401435852,1.005264401435852,1.005264401435852,1.005264401435852,72.00205993652344,189.003662109375,205.00411987304688,463.99932861328125,915.0,67.72949981689453,49.06675338745117
topaneu_center1_mr_729_0000.nii.gz,MRA,246,441,360,0.3819440007209778,0.3819440007209778,0.45010489225387573,0.0,0.0,0.0,0.0,67.00093078613281,154.00010681152344,165.99732971191406,288.9967346191406,562.0,61.224708557128906,39.523414611816406,1.003341794013977,1.003341794013977,1.003341794013977,1.9981080293655396,68.99903869628906,155.00344848632812,165.99732971191406,293.00152587890625,562.0,63.630859375,38.34560775756836
topaneu_center1_mr_731_0000.nii.gz,MRA,216,457,368,0.38194403052330017,0.38194403052330017,0.4500581920146942,0.0,0.0,0.0,0.0,93.00215148925781,222.9992218017578,241.99661254882812,434.0000915527344,978.0,82.81582641601562,61.29135513305664,0.9998626708984375,0.9998626708984375,1.999725341796875,1.999725341796875,102.00091552734375,225.99880981445312,244.99620056152344,449.9978942871094,978.0,90.48641967773438,58.39943313598633
topaneu_center1_mr_732_0000.nii.gz,MRA,264,473,406,0.3819439709186554,0.3819440007209778,0.4502393901348114,0.0,0.0,0.0,0.0,54.002532958984375,165.99710083007812,182.00485229492188,297.9988708496094,652.0,55.82572937011719,38.25254821777344,1.004837155342102,1.004837155342102,1.004837155342102,1.999725341796875,56.99714660644531,167.00193786621094,182.99974060058594,303.0031433105469,652.0,58.08176803588867,37.30088424682617
topaneu_center1_mr_740_0000.nii.gz,MRA,248,434,360,0.3819440007209778,0.38194403052330017,0.4498074948787689,0.0,0.0,0.0,0.0,73.0018310546875,151.99588012695312,187.99954223632812,430.99908447265625,825.0,66.27371978759766,47.051605224609375,0.9945067167282104,0.9945067167282104,0.9945067167282104,0.9945067167282104,75.99794006347656,153.0029754638672,192.00274658203125,435.0022888183594,825.0,68.50257873535156,46.21282958984375
topaneu_center1_mr_741_0000.nii.gz,MRA,222,726,605,0.234375,0.2343749850988388,0.5000566840171814,0.0,0.0,0.0,0.0,76.99717712402344,179.0,198.99359130859375,448.99542236328125,895.0,70.10118865966797,46.18701171875,4.0014495849609375,5.9953460693359375,5.9953460693359375,7.005950927734375,80.00167846679688,179.9969482421875,200.0041961669922,456.0013732910156,895.0,72.76206970214844,44.95109939575195
topaneu_center1_mr_742_0000.nii.gz,MRA,206,430,368,0.3819440007209778,0.3819440007209778,0.4499657452106476,0.0,0.0,0.0,0.0,74.99870300292969,215.0007781982422,234.00674438476562,480.00518798828125,884.0,73.60102081298828,55.619258880615234,0.9981842041015625,0.9981842041015625,0.9981842041015625,0.9981842041015625,79.00492858886719,215.99896240234375,235.0049285888672,485.9942932128906,884.0,76.51414489746094,54.7087516784668
topaneu_center1_mr_744_0000.nii.gz,MRA,246,445,361,0.3819440007209778,0.3819440007209778,0.4499480724334717,0.0,0.0,0.0,0.0,62.99604797363281,160.9996795654297,176.99623107910156,366.99652099609375,721.0,59.06229019165039,42.549156188964844,1.00115966796875,1.00115966796875,2.0023193359375,2.0023193359375,64.99836730957031,162.00083923339844,176.99623107910156,371.00115966796875,721.0,60.963623046875,41.866451263427734
topaneu_center1_mr_750_0000.nii.gz,MRA,134,778,584,0.234375,0.234375,0.6999996900558472,0.0,0.0,0.0,0.0,42.99977111816406,107.99664306640625,119.00267028808594,216.00076293945312,490.0,40.71782302856445,30.289718627929688,2.9982452392578125,4.000152587890625,5.0020599365234375,5.0020599365234375,51.00007629394531,110.00045776367188,120.99900817871094,225.99740600585938,490.0,46.298824310302734,28.01474952697754
topaneu_center1_mr_760_0000.nii.gz,MRA,197,689,529,0.2511160671710968,0.2511160671710968,0.7000007033348083,0.0,0.0,0.0,0.0,71.99676513671875,181.0027618408203,191.99505615234375,293.9969177246094,724.0,68.570556640625,47.57171630859375,3.99920654296875,7.0041351318359375,7.9984130859375,7.9984130859375,75.00169372558594,181.99703979492188,193.00038146972656,301.00103759765625,724.0,71.34918212890625,46.43834686279297
topaneu_center1_mr_763_0000.nii.gz,MRA,219,434,356,0.3819440007209778,0.3819440007209778,0.44990918040275574,0.0,0.0,0.0,0.0,93.00630187988281,221.0019073486328,238.99229431152344,367.0038757324219,1048.0,81.93309783935547,60.08049011230469,1.007461667060852,1.007461667060852,1.007461667060852,1.998931884765625,97.00416564941406,221.99337768554688,239.999755859375,373.00067138671875,1048.0,84.48664855957031,59.21506881713867
topaneu_center1_mr_765_0000.nii.gz,MRA,240,430,387,0.3819440007209778,0.3819440007209778,0.4499995708465576,0.0,0.0,0.0,0.0,74.99290466308594,203.0017547607422,222.0042724609375,532.9952392578125,1010.0,71.28591918945312,53.41189193725586,1.0017547607421875,1.0017547607421875,1.0017547607421875,2.003509521484375,77.9981689453125,204.00350952148438,223.0060272216797,539.0057373046875,1010.0,73.55086517333984,52.69614028930664
topaneu_center1_mr_770_0000.nii.gz,MRA,243,445,364,0.3819440007209778,0.38194403052330017,0.45090213418006897,0.0,0.0,0.0,0.0,74.99876403808594,194.9994659423828,219.99905395507812,461.9967041015625,878.0,68.77684020996094,51.37256622314453,1.004806637763977,1.004806637763977,1.004806637763977,1.004806637763977,79.00459289550781,196.0042724609375,221.00387573242188,466.0025329589844,878.0,71.29783630371094,50.55824279785156
topaneu_center1_mr_772_0000.nii.gz,MRA,152,659,544,0.2511160373687744,0.251116007566452,0.7000042200088501,1.999298095703125,3.998843193054199,3.998843193054199,4.998615741729736,60.993812561035156,138.9998779296875,146.00621032714844,265.0029602050781,522.0,57.82851791381836,34.53181838989258,1.999298095703125,3.998843193054199,3.998843193054199,4.998615741729736,60.993812561035156,138.9998779296875,146.00621032714844,265.0029602050781,522.0,57.82851791381836,34.53181838989258
topaneu_center1_mr_774_0000.nii.gz,MRA,152,671,594,0.262276828289032,0.2622767984867096,0.700002908706665,0.0,0.0,0.0,0.0,47.001319885253906,108.00030517578125,117.00540161132812,193.9956817626953,390.0,40.09864807128906,28.772001266479492,1.999542236328125,3.000108003616333,3.000108003616333,3.000108003616333,51.998226165771484,110.0014419555664,118.00004577636719,199.9990692138672,390.0,43.90495681762695,27.189937591552734
topaneu_center1_mr_775_0000.nii.gz,MRA,223,453,388,0.3819440007209778,0.38194403052330017,0.45006880164146423,0.0,0.0,0.0,0.0,68.9990234375,159.99839782714844,176.0028076171875,331.9978332519531,599.0,63.68357467651367,39.651119232177734,0.9962767958641052,0.9962767958641052,0.9962767958641052,2.0016937255859375,71.00071716308594,161.00381469726562,176.99908447265625,334.99578857421875,599.0,65.77679443359375,38.55130386352539
topaneu_center1_mr_776_0000.nii.gz,MRA,200,644,586,0.2455357164144516,0.2455357164144516,0.4999981224536896,0.0,0.0,0.0,0.0,82.00457763671875,225.99839782714844,258.9945373535156,423.0036926269531,849.0,77.97661590576172,50.64787673950195,3.0055389404296875,5.9981231689453125,5.9981231689453125,6.9956512451171875,83.00210571289062,225.99839782714844,260.0050354003906,424.9987487792969,849.0,79.5831069946289,49.901973724365234
topaneu_center1_mr_788_0000.nii.gz,MRA,216,430,348,0.3819440007209778,0.3819440007209778,0.44996607303619385,0.0,0.0,0.0,0.0,68.99858093261719,174.99876403808594,184.99546813964844,373.0012512207031,822.0,65.73819732666016,44.6060905456543,1.003433346748352,1.003433346748352,1.003433346748352,1.99432373046875,71.00544738769531,174.99876403808594,185.9989013671875,377.00244140625,822.0,67.86276245117188,43.70158767700195
topaneu_center1_mr_789_0000.nii.gz,MRA,144,677,550,0.251116007566452,0.251116007566452,0.6999973654747009,0.0,0.0,0.0,0.0,81.99789428710938,169.00233459472656,180.00238037109375,292.003662109375,588.0,70.18508911132812,43.66836166381836,2.9967498779296875,4.9975738525390625,6.002471923828125,6.002471923828125,83.99871826171875,169.99826049804688,180.00238037109375,295.996337890625,588.0,72.29029083251953,42.566871643066406
topaneu_center1_mr_790_0000.nii.gz,MRA,248,485,366,0.38194403052330017,0.3819440007209778,0.4500035047531128,0.0,0.0,0.0,0.0,86.99449157714844,192.99806213378906,216.9970245361328,444.994140625,916.0,76.72277069091797,50.405948638916016,1.006363034248352,1.006363034248352,1.006363034248352,1.998748779296875,88.99324035644531,194.99681091308594,218.00338745117188,449.005615234375,916.0,79.3503646850586,49.186119079589844
topaneu_center1_mr_792_0000.nii.gz,MRA,200,741,568,0.2455357164144516,0.2455357313156128,0.5000001788139343,0.0,0.0,0.0,0.0,108.99459838867188,208.001708984375,251.9957733154297,523.00048828125,1073.0,93.29520416259766,56.37247085571289,4.993743896484375,8.006362915039062,9.005111694335938,10.003860473632812,110.99209594726562,209.99920654296875,254.9920196533203,527.9942626953125,1073.0,96.39049530029297,54.63452911376953
topaneu_center1_mr_795_0000.nii.gz,MRA,220,784,622,0.234375,0.234375,0.49999815225601196,0.0,0.0,0.0,0.0,120.00129699707031,312.99481201171875,334.9986877441406,490.0038757324219,1105.0,111.98153686523438,71.05425262451172,6.002593994140625,9.003890991210938,9.998703002929688,10.993515014648438,123.99740600585938,315.00128173828125,335.9934997558594,497.99609375,1105.0,116.29051971435547,68.86133575439453
topaneu_center1_mr_797_0000.nii.gz,MRA,248,449,368,0.38194403052330017,0.3819439709186554,0.4499318301677704,0.0,0.0,0.0,0.0,78.99729919433594,185.00624084472656,207.994873046875,443.99407958984375,856.0,69.06470489501953,49.106109619140625,1.005752682685852,1.005752682685852,1.005752682685852,1.005752682685852,80.99574279785156,185.99893188476562,210.00637817382812,448.0040283203125,856.0,71.51692199707031,48.183555603027344
topaneu_center1_mr_800_0000.nii.gz,MRA,246,449,386,0.38194403052330017,0.38194403052330017,0.450063019990921,0.0,0.0,0.0,0.0,102.00349426269531,198.99366760253906,227.00669860839844,559.0072631835938,1441.0,88.4520034790039,59.215065002441406,0.9894712567329407,0.9894712567329407,0.9894712567329407,2.0009307861328125,104.993896484375,200.005126953125,229.00762939453125,568.00048828125,1441.0,91.43827819824219,57.89427185058594
topaneu_center1_mr_804_0000.nii.gz,MRA,248,433,360,0.3819440007209778,0.3819440007209778,0.44999703764915466,0.0,0.0,0.0,0.0,64.9937744140625,157.997802734375,176.99537658691406,330.99920654296875,861.0,60.51195526123047,42.17775344848633,0.9984893202781677,0.9984893202781677,0.9984893202781677,0.9984893202781677,68.00238037109375,158.9962921142578,177.99386596679688,336.0047912597656,861.0,62.897300720214844,41.2196159362793
topaneu_center1_mr_807_0000.nii.gz,MRA,243,445,364,0.38194403052330017,0.3819440007209778,0.4501146972179413,0.0,0.0,0.0,0.0,79.99374389648438,202.9935760498047,222.99957275390625,479.9927062988281,991.0,74.6552734375,51.712589263916016,0.9980316162109375,0.9980316162109375,0.9980316162109375,1.996063232421875,82.00492858886719,204.00672912597656,223.9976043701172,485.99603271484375,991.0,77.15076446533203,50.70555114746094
topaneu_center1_mr_810_0000.nii.gz,MRA,176,430,332,0.4101560413837433,0.4101560115814209,0.5498924851417542,0.0,0.0,0.0,0.0,46.9967041015625,110.00255584716797,116.9995346069336,196.9989776611328,433.0,42.21882247924805,28.268146514892578,0.9976806640625,0.9976806640625,0.9976806640625,0.9976806640625,48.00099182128906,111.00023651123047,116.9995346069336,199.99862670898438,433.0,43.707942962646484,27.607728958129883
topaneu_center1_mr_816_0000.nii.gz,MRA,223,453,356,0.38194403052330017,0.3819440007209778,0.4500690698623657,0.0,0.0,0.0,0.0,78.99851989746094,157.00343322753906,195.00547790527344,549.9951782226562,892.0,66.87078857421875,48.784934997558594,0.993606448173523,0.993606448173523,0.993606448173523,2.000823974609375,80.99934387207031,157.99703979492188,198.99351501464844,553.996826171875,892.0,68.86187744140625,48.1011848449707
topaneu_center1_mr_819_0000.nii.gz,MRA,229,500,368,0.38194403052330017,0.38194403052330017,0.44999051094055176,0.0,0.0,0.0,0.0,52.003021240234375,133.9950714111328,149.0050811767578,325.9950866699219,677.0,49.10309982299805,35.61036682128906,1.002044677734375,1.002044677734375,1.002044677734375,2.00408935546875,53.00506591796875,133.9950714111328,149.0050811767578,329.001220703125,677.0,50.44249725341797,35.14435958862305
topaneu_center1_mr_823_0000.nii.gz,MRA,248,449,394,0.38194403052330017,0.3819440007209778,0.45000001788139343,0.0,0.0,0.0,0.0,79.00015258789062,202.99801635742188,224.00320434570312,508.00335693359375,1025.0,71.98253631591797,52.59539794921875,1.0009918212890625,1.0009918212890625,1.0009918212890625,1.0009918212890625,82.00312805175781,202.99801635742188,225.0041961669922,512.00732421875,1025.0,74.2406005859375,51.82096862792969
topaneu_center1_mr_840_0000.nii.gz,MRA,248,461,367,0.3819440007209778,0.3819439709186554,0.45004981756210327,0.0,0.0,0.0,0.0,84.0018310546875,227.002685546875,251.0009307861328,486.9969787597656,1045.0,80.56937408447266,56.70330047607422,1.0045777559280396,1.0045777559280396,1.0045777559280396,1.9932098388671875,86.99961853027344,228.00726318359375,252.00550842285156,492.00390625,1045.0,83.42660522460938,55.59602737426758
topaneu_center1_mr_842_0000.nii.gz,MRA,213,465,364,0.38194403052330017,0.3819440007209778,0.44994163513183594,0.0,0.0,0.0,0.0,59.99876403808594,132.9945526123047,147.00384521484375,349.994873046875,819.0,55.3360481262207,39.22914123535156,0.9997711181640625,0.9997711181640625,0.9997711181640625,1.999542236328125,61.99830627441406,133.99432373046875,148.0036163330078,355.0062255859375,819.0,57.03950500488281,38.589317321777344
topaneu_center1_mr_848_0000.nii.gz,MRA,192,708,570,0.234375,0.234375,0.5000003576278687,0.0,0.0,0.0,0.0,104.99720764160156,238.00608825683594,275.0015563964844,531.00390625,939.0,97.22575378417969,62.07561492919922,5.00054931640625,7.006500244140625,7.995147705078125,8.998123168945312,108.99478149414062,238.99473571777344,276.9931945800781,535.00146484375,939.0,100.33235168457031,60.53771209716797
topaneu_center1_mr_850_0000.nii.gz,MRA,248,453,380,0.3819440007209778,0.3819440007209778,0.4498846232891083,0.0,0.0,0.0,0.0,64.993408203125,158.00201416015625,173.9996795654297,375.9991455078125,1011.0,58.70271301269531,43.858489990234375,1.00274658203125,1.00274658203125,1.00274658203125,1.00274658203125,69.00439453125,159.0047607421875,175.00242614746094,383.0029296875,1011.0,61.006797790527344,43.1103515625
topaneu_center1_mr_871_0000.nii.gz,MRA,288,759,624,0.2343750149011612,0.2343749850988388,0.4999811351299286,0.0,0.0,0.0,0.0,76.99928283691406,170.006103515625,199.99557495117188,438.004150390625,862.0,68.96469116210938,51.12938690185547,2.9989471435546875,4.9982452392578125,4.9982452392578125,4.9982452392578125,82.99717712402344,172.00540161132812,201.994873046875,449.0002746582031,862.0,73.51498413085938,49.51954650878906
topaneu_center1_mr_877_0000.nii.gz,MRA,154,737,564,0.2511160671710968,0.2511160373687744,0.7000000476837158,0.0,0.0,0.0,0.0,50.99897766113281,114.00068664550781,123.99695587158203,228.00137329101562,473.0,45.552085876464844,30.615156173706055,1.9992523193359375,3.0024874210357666,3.0024874210357666,3.998504638671875,52.99822998046875,114.9967041015625,123.99695587158203,230.99664306640625,473.0,47.084110260009766,29.944564819335938
topaneu_center1_mr_891_0000.nii.gz,MRA,290,449,380,0.3819439709186554,0.3819439709186554,0.45001497864723206,0.0,0.0,0.0,0.0,80.99825286865234,192.99215698242188,223.00115966796875,490.9971923828125,1220.0,70.98751831054688,53.906795501708984,1.005264401435852,1.005264401435852,1.005264401435852,1.005264401435852,86.0059585571289,195.002685546875,225.9983367919922,503.0045166015625,1220.0,74.92362213134766,52.65134048461914
topaneu_center1_mr_892_0000.nii.gz,MRA,229,457,372,0.38194403052330017,0.3819440007209778,0.4499237835407257,0.0,0.0,0.0,0.0,56.994781494140625,154.99815368652344,170.99668884277344,341.00579833984375,809.0,55.643863677978516,41.758140563964844,0.999908447265625,0.999908447265625,0.999908447265625,0.999908447265625,59.9945068359375,155.99806213378906,170.99668884277344,348.0051574707031,809.0,57.89336395263672,41.03662872314453
topaneu_center1_mr_895_0000.nii.gz,MRA,224,650,564,0.234375,0.234375,0.5000013709068298,7.002044677734375,10.006707191467285,10.999197959899902,12.00528335571289,115.00674438476562,259.9919128417969,284.9945068359375,509.99072265625,898.0000610351562,107.47391510009766,60.16380310058594,7.002044677734375,10.006707191467285,10.999197959899902,12.00528335571289,115.00674438476562,259.9919128417969,284.9945068359375,509.99072265625,898.0000610351562,107.47391510009766,60.16380310058594
topaneu_center1_mr_896_0000.nii.gz,MRA,213,473,384,0.3819440007209778,0.3819440007209778,0.44978493452072144,0.0,0.0,0.0,0.0,69.00015258789062,186.00167846679688,208.00595092773438,502.0034484863281,955.0,64.88787078857422,49.34165573120117,1.0054932832717896,1.0054932832717896,1.0054932832717896,1.9964141845703125,72.00205993652344,187.00717163085938,208.9968719482422,507.00177001953125,955.0,66.76332092285156,48.78272247314453
topaneu_center1_mr_902_0000.nii.gz,MRA,240,493,376,0.3819440007209778,0.3819439709186554,0.44997334480285645,0.0,0.0,0.0,0.0,101.99652099609375,279.0009765625,303.9917297363281,563.9954223632812,1169.0,99.05953979492188,68.95293426513672,0.9989166259765625,0.9989166259765625,0.9989166259765625,1.997833251953125,104.99327087402344,279.9998779296875,305.00848388671875,572.004638671875,1169.0,101.98956298828125,67.79605865478516
topaneu_center1_mr_909_0000.nii.gz,MRA,223,418,372,0.3819440007209778,0.3819440007209778,0.4499375522136688,0.0,0.0,0.0,0.0,75.9930419921875,179.99423217773438,196.9963836669922,449.007080078125,1026.0,67.41741180419922,50.606117248535156,1.0019683837890625,1.0019683837890625,1.0019683837890625,2.003936767578125,78.99894714355469,180.99620056152344,197.99835205078125,456.0052185058594,1026.0,69.93439483642578,49.80530548095703
topaneu_center1_mr_910_0000.nii.gz,MRA,240,453,372,0.3819440007209778,0.3819440007209778,0.4499732553958893,0.0,0.0,0.0,0.0,80.99497985839844,184.00338745117188,210.9969024658203,472.9927978515625,946.0,72.2998275756836,53.20466232299805,0.9960174560546875,0.9960174560546875,0.9960174560546875,2.006469964981079,84.99348449707031,184.99940490722656,213.9993896484375,478.9977722167969,946.0,75.40155029296875,52.13733673095703
topaneu_center1_mr_911_0000.nii.gz,MRA,246,469,395,0.3819440007209778,0.38194403052330017,0.4499965310096741,0.0,0.0,0.0,0.0,42.99446105957031,121.00374603271484,131.99993896484375,234.0050811767578,746.0,43.6201171875,29.986833572387695,1.001724362373352,1.001724362373352,2.003448724746704,2.003448724746704,44.99790954589844,121.00374603271484,131.99993896484375,236.99887084960938,746.0,44.84943771362305,29.48589324951172
topaneu_center1_mr_917_0000.nii.gz,MRA,203,458,346,0.390625,0.390625,0.4991931915283203,0.0,0.0,0.0,0.0,63.995849609375,160.99993896484375,179.0056915283203,319.99310302734375,907.0,57.65892791748047,42.01933670043945,0.9964751601219177,0.9964751601219177,0.9964751601219177,0.9964751601219177,66.99911499023438,161.9964141845703,180.00216674804688,324.0066833496094,907.0,60.164512634277344,41.12910079956055
topaneu_center1_mr_920_0000.nii.gz,MRA,344,465,400,0.38194403052330017,0.38194403052330017,0.45037370920181274,0.0,0.0,0.0,0.0,55.994598388671875,168.99903869628906,187.00009155273438,359.9950256347656,853.0,55.575836181640625,45.66603088378906,1.002227783203125,1.002227783203125,1.002227783203125,1.002227783203125,61.99494934082031,171.0034942626953,189.00454711914062,370.9934997558594,853.0,59.5709228515625,44.69120788574219
topaneu_center1_mr_921_0000.nii.gz,MRA,248,441,359,0.3819440007209778,0.38194403052330017,0.44979119300842285,0.0,0.0,0.0,0.0,76.99580383300781,168.0057373046875,195.0063934326172,448.00537109375,976.0,65.02763366699219,47.012332916259766,0.9978179335594177,0.9978179335594177,0.9978179335594177,0.9978179335594177,77.99362182617188,169.00355529785156,197.99984741210938,451.99664306640625,976.0,67.06456756591797,46.29022216796875
topaneu_center1_mr_922_0000.nii.gz,MRA,136,689,540,0.2511160671710968,0.2511160671710968,0.6999961137771606,0.0,0.0,0.0,0.0,48.99684143066406,98.00045776367188,109.00306701660156,217.99935913085938,444.0,42.77671432495117,28.68828773498535,1.998626708984375,3.0013275146484375,3.99725341796875,3.99725341796875,51.00224304199219,99.00315856933594,109.99899291992188,221.0006866455078,444.0,43.916526794433594,28.193811416625977
topaneu_center1_mr_924_0000.nii.gz,MRA,246,476,394,0.3819440007209778,0.3819439709186554,0.4498497545719147,0.0,0.0,0.0,0.0,67.99359130859375,194.99404907226562,214.9988555908203,399.00732421875,1065.0,63.327369689941406,52.8410758972168,1.007553219795227,1.007553219795227,1.007553219795227,1.9988555908203125,82.99313354492188,199.9993133544922,218.99656677246094,435.0029602050781,1065.0,74.48292541503906,49.529205322265625
topaneu_center1_mr_926_0000.nii.gz,MRA,209,422,360,0.3819440007209778,0.38194403052330017,0.4497941732406616,0.0,0.0,0.0,0.0,59.00370788574219,154.00405883789062,172.9970245361328,377.005615234375,776.0,57.72460174560547,42.93440246582031,0.9946441054344177,0.9946441054344177,0.9946441054344177,0.9946441054344177,61.00483703613281,154.9987030029297,174.00350952148438,382.0025329589844,776.0,59.76348114013672,42.2684440612793
topaneu_center1_mr_928_0000.nii.gz,MRA,200,686,556,0.2455357164144516,0.2455357164144516,0.5000001788139343,0.0,0.0,0.0,0.0,122.99409484863281,258.0010986328125,279.9996337890625,450.006591796875,1098.0,104.41549682617188,60.61527633666992,4.992812633514404,7.991851329803467,8.997116088867188,8.997116088867188,125.00462341308594,259.00634765625,281.993408203125,457.9984436035156,1098.0,108.1911392211914,58.29733657836914
topaneu_center1_mr_939_0000.nii.gz,MRA,219,468,368,0.3819440007209778,0.3819440007209778,0.4505001902580261,0.0,0.0,0.0,0.0,69.99514770507812,166.9955596923828,182.99578857421875,405.00091552734375,1023.0,62.6543083190918,45.39632034301758,0.9990386962890625,0.9990386962890625,0.9990386962890625,0.9990386962890625,71.99322509765625,166.9955596923828,182.99578857421875,409.9961242675781,1023.0,64.51776123046875,44.742515563964844
topaneu_center1_mr_940_0000.nii.gz,MRA,248,458,384,0.390625,0.390625,0.5000506639480591,0.0,0.0,0.0,0.0,82.00274658203125,220.0,242.00503540039062,401.0002136230469,825.0,80.15727233886719,55.087745666503906,0.9945067167282104,0.9945067167282104,0.9945067167282104,2.0016021728515625,84.99885559082031,220.9945068359375,242.99954223632812,407.0050354003906,825.0,83.10164642333984,53.865089416503906
topaneu_center1_mr_942_0000.nii.gz,MRA,248,465,386,0.3819440007209778,0.3819440007209778,0.45001718401908875,0.0,0.0,0.0,0.0,74.00186157226562,188.00099182128906,211.00364685058594,491.9986877441406,1007.0,68.25025177001953,51.63692855834961,0.998779296875,0.998779296875,0.998779296875,0.998779296875,76.99819946289062,188.99977111816406,212.00242614746094,496.9925842285156,1007.0,70.33988189697266,51.000247955322266
topaneu_center1_mr_944_0000.nii.gz,MRA,226,489,372,0.3819440007209778,0.38194403052330017,0.45000141859054565,0.0,0.0,0.0,0.0,79.00337219238281,167.99688720703125,197.00440979003906,481.9942932128906,986.0,67.52578735351562,47.39036560058594,0.9929961562156677,0.9929961562156677,0.9929961562156677,0.9929961562156677,81.00440979003906,169.0049285888672,199.99844360351562,487.0044250488281,986.0,69.74262237548828,46.52922821044922
topaneu_center1_mr_959_0000.nii.gz,MRA,233,410,371,0.3819440007209778,0.3819440007209778,0.4498973488807678,0.0,0.0,0.0,0.0,77.00503540039062,206.00137329101562,222.99610900878906,460.9979248046875,825.0,73.24034881591797,52.87345504760742,0.9945067167282104,0.9945067167282104,0.9945067167282104,2.0016021728515625,78.99404907226562,206.99588012695312,224.99771118164062,465.0011291503906,825.0,75.68164825439453,52.000247955322266
topaneu_center1_mr_961_0000.nii.gz,MRA,240,452,340,0.3819440007209778,0.3819440007209778,0.45000752806663513,0.0,0.0,0.0,0.0,93.00581359863281,232.0076904296875,245.993408203125,522.00146484375,1038.0,81.55488586425781,61.41114044189453,0.9978485107421875,0.9978485107421875,0.9978485107421875,1.995697021484375,96.99720764160156,233.0055389404297,247.00709533691406,529.0022583007812,1038.0,85.0896224975586,60.28279113769531
topaneu_center1_mr_975_0000.nii.gz,MRA,248,445,368,0.3819440007209778,0.3819440007209778,0.4506700038909912,0.0,0.0,0.0,0.0,70.99528503417969,166.00592041015625,184.00601196289062,415.0072021484375,998.0,62.20193099975586,46.33342742919922,1.005081295967102,1.005081295967102,1.005081295967102,1.005081295967102,75.00038146972656,166.9957733154297,184.99586486816406,421.9970703125,998.0,65.27701568603516,45.30105209350586
topaneu_center1_mr_981_0000.nii.gz,MRA,223,434,368,0.3819440007209778,0.3819440007209778,0.44988006353378296,0.0,0.0,0.0,0.0,89.00228881835938,232.00518798828125,255.9919891357422,458.0007019042969,1135.0,81.79032897949219,57.99336242675781,1.004501461982727,1.004501461982727,1.004501461982727,1.991683840751648,93.00297546386719,233.9968719482422,256.9964904785156,467.9937438964844,1135.0,85.15251922607422,56.702598571777344
topaneu_center1_mr_991_0000.nii.gz,MRA,224,701,574,0.234375,0.2343750149011612,0.4999791085720062,0.0,0.0,0.0,0.0,96.003662109375,194.00320434570312,210.00686645507812,403.99176025390625,1200.0,86.29164123535156,49.8438606262207,6.005950927734375,8.0018310546875,9.008926391601562,9.008926391601562,97.99954223632812,194.9919891357422,210.9956512451172,411.99359130859375,1200.0,90.04664611816406,47.48046875
topaneu_center2_ct_105_0000.nii.gz,CTA,221,358,286,0.4882810115814209,0.4882810115814209,0.625,-1023.95458984375,-1016.9884643554688,-1007.9619750976562,-1003.9393310546875,41.02470016479492,1741.9794921875,1772.0023193359375,1841.025634765625,2190.99853515625,-47.80125045776367,717.6350708007812,-1023.95458984375,-1016.9884643554688,-1007.9619750976562,-1003.9393310546875,41.02470016479492,1741.9794921875,1772.0023193359375,1841.025634765625,2190.99853515625,-47.80125045776367,717.6350708007812
topaneu_center2_ct_107_0000.nii.gz,CTA,215,328,289,0.4882810115814209,0.4882810115814209,0.625,-1023.9545288085938,-1019.0460815429688,-1010.0067138671875,-1006.0216064453125,44.00090408325195,1636.9676513671875,1693.973876953125,1762.98388671875,2160.958251953125,-93.78487396240234,659.14013671875,-1023.9545288085938,-1019.0460815429688,-1010.0067138671875,-1006.0216064453125,44.00090408325195,1636.9676513671875,1693.973876953125,1762.98388671875,2160.958251953125,-93.78487396240234,659.14013671875
topaneu_center2_ct_108_0000.nii.gz,CTA,227,383,286,0.45117199420928955,0.45117199420928955,0.625,-1023.9545288085938,-1019.0359497070312,-1011.0369873046875,-1007.0126953125,37.967384338378906,1632.986572265625,1689.972900390625,1771.999267578125,2232.01318359375,-76.1713638305664,661.7843627929688,-1023.9545288085938,-1019.0359497070312,-1011.0369873046875,-1007.0126953125,37.967384338378906,1632.986572265625,1689.972900390625,1771.999267578125,2232.01318359375,-76.1713638305664,661.7843627929688
topaneu_center2_ct_109_0000.nii.gz,CTA,220,285,215,0.625,0.625,0.625,-1023.9545288085938,-1021.9971313476562,-1014.020751953125,-1008.9804077148438,41.94747543334961,1740.0406494140625,1781.9779052734375,1863.9930419921875,2183.000244140625,-40.21681213378906,678.8955078125,-1023.9545288085938,-1021.9971313476562,-1014.020751953125,-1008.9804077148438,41.94747543334961,1740.0406494140625,1781.9779052734375,1863.9930419921875,2183.000244140625,-40.21681213378906,678.8955078125
topaneu_center2_ct_112_0000.nii.gz,CTA,246,261,235,0.625,0.625,0.625,-1023.95458984375,-1015.954833984375,-1007.013916015625,-1003.0140380859375,37.05006790161133,1332.0244140625,1458.9854736328125,1609.992919921875,2059.956298828125,-164.1288604736328,555.4935302734375,-1023.95458984375,-1015.954833984375,-1007.013916015625,-1003.0140380859375,37.05006790161133,1332.0244140625,1458.9854736328125,1609.992919921875,2059.956298828125,-164.1288604736328,555.4935302734375
topaneu_center2_ct_113_0000.nii.gz,CTA,228,355,265,0.4882810115814209,0.4882810115814209,0.625,-1023.9545288085938,-1020.998291015625,-1013.0020141601562,-1007.9619140625,44.01175308227539,1689.9892578125,1729.9708251953125,1790.9849853515625,2152.030029296875,-52.565711975097656,665.54638671875,-1023.9545288085938,-1020.998291015625,-1013.0020141601562,-1007.9619140625,44.01175308227539,1689.9892578125,1729.9708251953125,1790.9849853515625,2152.030029296875,-52.565711975097656,665.54638671875
topaneu_center2_ct_118_0000.nii.gz,CTA,250,334,271,0.4882810115814209,0.4882810115814209,0.625,-1023.9545288085938,-1019.9555053710938,-1010.0203857421875,-1003.9593505859375,33.97897720336914,1405.9620361328125,1527.0579833984375,1688.0194091796875,3070.999755859375,-102.45584106445312,607.0856323242188,-1023.9545288085938,-1019.9555053710938,-1010.0203857421875,-1003.9593505859375,33.97897720336914,1405.9620361328125,1527.0579833984375,1688.0194091796875,3070.999755859375,-102.45584106445312,607.0856323242188
topaneu_center2_ct_119_0000.nii.gz,CTA,236,365,277,0.4882810115814209,0.4882810115814209,0.625,-3023.999755859375,-1020.9544677734375,-1011.0352172851562,-1006.0352172851562,35.970943450927734,1602.00439453125,1685.9552001953125,1777.970458984375,2261.0302734375,-105.22036743164062,622.9347534179688,-3023.999755859375,-1020.9544677734375,-1011.0352172851562,-1006.0352172851562,35.970943450927734,1602.00439453125,1685.9552001953125,1777.970458984375,2261.0302734375,-105.22036743164062,622.9347534179688
topaneu_center2_ct_120_0000.nii.gz,CTA,253,351,276,0.515625,0.515625,0.625,-1023.9545288085938,-1023.9545288085938,-1013.0014038085938,-1007.9534301757812,36.02222442626953,1616.9866943359375,1672.9906005859375,1753.0435791015625,2096.9716796875,-123.5158920288086,667.56591796875,-1023.9545288085938,-1023.9545288085938,-1013.0014038085938,-1007.9534301757812,36.02222442626953,1616.9866943359375,1672.9906005859375,1753.0435791015625,2096.9716796875,-123.5158920288086,667.56591796875
topaneu_center2_ct_125_0000.nii.gz,CTA,204,377,293,0.45703125,0.45703125,0.70001220703125,-1024.0,-1014.0086059570312,-1006.0030517578125,-1000.976318359375,51.96925735473633,2003.0245361328125,2076.00537109375,2255.974853515625,3043.0,100.84456634521484,744.1895751953125,-1024.0,-1014.0086059570312,-1006.0030517578125,-1000.976318359375,51.96925735473633,2003.0245361328125,2076.00537109375,2255.974853515625,3043.0,100.84456634521484,744.1895751953125
topaneu_center2_ct_126_0000.nii.gz,CTA,115,343,277,0.4882810115814209,0.4882810115814209,1.25,-1023.0245361328125,-1007.9537963867188,-1003.0382690429688,-1000.0133056640625,33.979244232177734,1691.00341796875,1782.9942626953125,1909.0157470703125,2516.9765625,-61.74142074584961,654.19580078125,-1023.0245361328125,-1007.9537963867188,-1003.0382690429688,-1000.0133056640625,33.979244232177734,1691.00341796875,1782.9942626953125,1909.0157470703125,2516.9765625,-61.74142074584961,654.19580078125
topaneu_center2_ct_127_0000.nii.gz,CTA,152,403,334,0.4101560115814209,0.4101560115814209,1.0,-2048.0,-2048.0,-1013.999755859375,-1005.9761962890625,39.961612701416016,1717.0238037109375,1762.0341796875,1829.941162109375,2227.011474609375,-65.8956069946289,678.7757568359375,-2048.0,-2048.0,-1013.999755859375,-1005.9761962890625,39.961612701416016,1717.0238037109375,1762.0341796875,1829.941162109375,2227.011474609375,-65.8956069946289,678.7757568359375
topaneu_center2_ct_128_0000.nii.gz,CTA,242,297,233,0.59375,0.59375,0.625,-1023.9545288085938,-1023.9545288085938,-1017.9890747070312,-1013.9957275390625,40.013214111328125,1740.014892578125,1786.9989013671875,1854.04833984375,2206.9951171875,-41.8592643737793,694.8316040039062,-1023.9545288085938,-1023.9545288085938,-1017.9890747070312,-1013.9957275390625,40.013214111328125,1740.014892578125,1786.9989013671875,1854.04833984375,2206.9951171875,-41.8592643737793,694.8316040039062
topaneu_center2_ct_130_0000.nii.gz,CTA,239,315,241,0.5429689884185791,0.5429689884185791,0.625,-1023.9545288085938,-1015.0364379882812,-1007.9413452148438,-1003.9503784179688,37.94118118286133,1531.0595703125,1603.981201171875,1712.033203125,2205.0419921875,-87.36891174316406,608.667724609375,-1023.9545288085938,-1015.0364379882812,-1007.9413452148438,-1003.9503784179688,37.94118118286133,1531.0595703125,1603.981201171875,1712.033203125,2205.0419921875,-87.36891174316406,608.667724609375
topaneu_center2_ct_134_0000.nii.gz,CTA,222,282,217,0.58203125,0.58203125,0.5999999046325684,-1024.0,-1012.0027465820312,-1006.004150390625,-1002.0050048828125,44.005496978759766,1269.974853515625,1365.015625,1488.9871826171875,3071.0,-85.3413314819336,548.64111328125,-1024.0,-1012.0027465820312,-1006.004150390625,-1002.0050048828125,44.005496978759766,1269.974853515625,1365.015625,1488.9871826171875,3071.0,-85.3413314819336,548.64111328125
topaneu_center2_ct_137_0000.nii.gz,CTA,270,320,287,0.5039060115814209,0.5039060115814209,0.625,-1023.9545288085938,-1016.9583740234375,-1006.0144653320312,-1000.0177612304688,37.00925827026367,1709.98486328125,1753.9605712890625,1850.95703125,2250.986083984375,-44.300079345703125,656.8038940429688,-1023.9545288085938,-1016.9583740234375,-1006.0144653320312,-1000.0177612304688,37.00925827026367,1709.98486328125,1753.9605712890625,1850.95703125,2250.986083984375,-44.300079345703125,656.8038940429688
topaneu_center2_ct_138_0000.nii.gz,CTA,205,432,334,0.4101560115814209,0.4101560115814209,0.8000030517578125,-2048.0,-2048.0,-2048.0,-2048.0,35.98806381225586,1586.951416015625,1642.970703125,1728.061279296875,2750.9794921875,-119.78046417236328,644.7463989257812,-2048.0,-2048.0,-2048.0,-2048.0,35.98806381225586,1586.951416015625,1642.970703125,1728.061279296875,2750.9794921875,-119.78046417236328,644.7463989257812
topaneu_center2_ct_141_0000.nii.gz,CTA,499,414,331,0.412109375,0.412109375,0.3000030517578125,-1024.0,-1024.0,-1023.0072631835938,-1017.0010986328125,37.00539016723633,1551.9969482421875,1654.00244140625,1796.958984375,2229.00537109375,-134.37411499023438,603.9356079101562,-1024.0,-1024.0,-1023.0072631835938,-1017.0010986328125,37.00539016723633,1551.9969482421875,1654.00244140625,1796.958984375,2229.00537109375,-134.37411499023438,603.9356079101562
topaneu_center2_ct_142_0000.nii.gz,CTA,266,366,299,0.45703125,0.45703125,0.5999984741210938,-1024.0,-1017.98388671875,-1010.0010375976562,-1006.0095825195312,35.989532470703125,1687.98583984375,1810.96875,2032.9857177734375,2767.007080078125,-112.15498352050781,633.3053588867188,-1024.0,-1017.98388671875,-1010.0010375976562,-1006.0095825195312,35.989532470703125,1687.98583984375,1810.96875,2032.9857177734375,2767.007080078125,-112.15498352050781,633.3053588867188
topaneu_center2_ct_144_0000.nii.gz,CTA,307,365,307,0.48828125,0.48828125,0.5,-1024.0,-1024.0,-1020.010986328125,-1015.9827880859375,23.012828826904297,1107.0223388671875,1141.007568359375,1190.0106201171875,1538.9757080078125,-185.37939453125,566.0711059570312,-1024.0,-1024.0,-1020.010986328125,-1015.9827880859375,23.012828826904297,1107.0223388671875,1141.007568359375,1190.0106201171875,1538.9757080078125,-185.37939453125,566.0711059570312
topaneu_center2_ct_147_0000.nii.gz,CTA,338,369,319,0.46484375,0.46484375,0.449951171875,-1024.0,-1024.0,-1020.9983520507812,-1015.0398559570312,36.031185150146484,1406.0389404296875,1466.0272216796875,1550.969482421875,1912.0189208984375,-101.36611938476562,617.0697021484375,-1024.0,-1024.0,-1020.9983520507812,-1015.0398559570312,36.031185150146484,1406.0389404296875,1466.0272216796875,1550.969482421875,1912.0189208984375,-101.36611938476562,617.0697021484375
topaneu_center2_ct_150_0000.nii.gz,CTA,251,365,301,0.45507800579071045,0.45507800579071045,0.625,-3024.0,-1019.9553833007812,-1011.9570922851562,-1007.0278930664062,33.03288269042969,1649.995849609375,1704.9610595703125,1813.0313720703125,3071.0,-133.13336181640625,641.3678588867188,-3024.0,-1019.9553833007812,-1011.9570922851562,-1007.0278930664062,33.03288269042969,1649.995849609375,1704.9610595703125,1813.0313720703125,3071.0,-133.13336181640625,641.3678588867188
topaneu_center2_ct_154_0000.nii.gz,CTA,463,396,395,0.341796875,0.341796875,0.2999267578125,-1024.0,-1024.0,-1018.0013427734375,-1008.003662109375,44.005496978759766,1401.00732421875,1462.9931640625,1559.970947265625,3071.0,5.560882568359375,545.0005493164062,-1024.0,-1024.0,-1018.0013427734375,-1008.003662109375,44.005496978759766,1401.00732421875,1462.9931640625,1559.970947265625,3071.0,5.560882568359375,545.0005493164062
topaneu_center2_ct_156_0000.nii.gz,CTA,232,330,258,0.49414101243019104,0.49414101243019104,0.625,-1023.9545288085938,-1023.9545288085938,-1019.9392700195312,-1012.986083984375,34.98881530761719,1657.9739990234375,1713.9913330078125,1785.9716796875,2185.04638671875,-99.63272094726562,667.228515625,-1023.9545288085938,-1023.9545288085938,-1019.9392700195312,-1012.986083984375,34.98881530761719,1657.9739990234375,1713.9913330078125,1785.9716796875,2185.04638671875,-99.63272094726562,667.228515625
topaneu_center2_ct_160_0000.nii.gz,CTA,211,348,274,0.4765619933605194,0.4765619933605194,0.625,-1023.95458984375,-1015.0283203125,-1009.9852905273438,-1007.0098266601562,44.01792526245117,1486.9432373046875,1585.9892578125,1715.7633056640625,2281.026123046875,-103.50544738769531,597.4615478515625,-1023.95458984375,-1015.0283203125,-1009.9852905273438,-1007.0098266601562,44.01792526245117,1486.9432373046875,1585.9892578125,1715.7633056640625,2281.026123046875,-103.50544738769531,597.4615478515625
topaneu_center2_ct_161_0000.nii.gz,CTA,235,334,276,0.5039060115814209,0.5039060115814209,0.625,-1023.95458984375,-1023.95458984375,-1019.940185546875,-1013.9928588867188,42.991119384765625,1690.988037109375,1737.9718017578125,1808.001220703125,2224.014892578125,-70.62178802490234,660.4990844726562,-1023.95458984375,-1023.95458984375,-1019.940185546875,-1013.9928588867188,42.991119384765625,1690.988037109375,1737.9718017578125,1808.001220703125,2224.014892578125,-70.62178802490234,660.4990844726562
topaneu_center2_ct_162_0000.nii.gz,CTA,242,300,239,0.5703125,0.5703125,0.600006103515625,-1024.0,-1014.9960327148438,-1009.9848022460938,-1007.0106201171875,31.00887680053711,1127.0040283203125,1174.997802734375,1249.9627685546875,1646.013671875,-151.0934600830078,574.9029541015625,-1024.0,-1014.9960327148438,-1009.9848022460938,-1007.0106201171875,31.00887680053711,1127.0040283203125,1174.997802734375,1249.9627685546875,1646.013671875,-151.0934600830078,574.9029541015625
topaneu_center2_ct_163_0000.nii.gz,CTA,207,338,254,0.51171875,0.51171875,0.7000007629394531,-1024.0,-1012.0269775390625,-1004.9768676757812,-1001.0264282226562,42.9954719543457,2172.97509765625,2213.027099609375,2264.0185546875,2959.0,34.63033676147461,737.9649658203125,-1024.0,-1012.0269775390625,-1004.9768676757812,-1001.0264282226562,42.9954719543457,2172.97509765625,2213.027099609375,2264.0185546875,2959.0,34.63033676147461,737.9649658203125
topaneu_center2_ct_164_0000.nii.gz,CTA,238,318,259,0.5058590173721313,0.5058590173721313,0.625,-1023.9545288085938,-1022.0186767578125,-1011.0487670898438,-1005.9857788085938,48.01628112792969,1697.9658203125,1736.0377197265625,1814.9613037109375,2229.037109375,26.19693374633789,687.286376953125,-1023.9545288085938,-1022.0186767578125,-1011.0487670898438,-1005.9857788085938,48.01628112792969,1697.9658203125,1736.0377197265625,1814.9613037109375,2229.037109375,26.19693374633789,687.286376953125
topaneu_center2_ct_165_0000.nii.gz,CTA,227,295,236,0.5546879768371582,0.5546879768371582,0.625,-1023.95458984375,-1019.0254516601562,-1013.0009155273438,-1008.968017578125,41.038978576660156,1781.972412109375,1821.9532470703125,1882.994873046875,2238.988525390625,-52.164493560791016,693.196044921875,-1023.95458984375,-1019.0254516601562,-1013.0009155273438,-1008.968017578125,41.038978576660156,1781.972412109375,1821.9532470703125,1882.994873046875,2238.988525390625,-52.164493560791016,693.196044921875
topaneu_center2_ct_166_0000.nii.gz,CTA,234,331,274,0.4882810115814209,0.4882810115814209,0.625,-1023.95458984375,-1015.9381713867188,-1008.9906005859375,-1004.9580688476562,39.99660873413086,1482.9552001953125,1543.977294921875,1627.9312744140625,2160.0283203125,-65.57697296142578,616.9685668945312,-1023.95458984375,-1015.9381713867188,-1008.9906005859375,-1004.9580688476562,39.99660873413086,1482.9552001953125,1543.977294921875,1627.9312744140625,2160.0283203125,-65.57697296142578,616.9685668945312
topaneu_center2_ct_167_0000.nii.gz,CTA,237,290,222,0.5957030057907104,0.5957030057907104,0.625,-1023.9545288085938,-1015.9603881835938,-1009.9894409179688,-1005.9923706054688,42.96709442138672,1715.025390625,1761.9539794921875,1813.9652099609375,2209.97119140625,-7.480776786804199,693.0855712890625,-1023.9545288085938,-1015.9603881835938,-1009.9894409179688,-1005.9923706054688,42.96709442138672,1715.025390625,1761.9539794921875,1813.9652099609375,2209.97119140625,-7.480776786804199,693.0855712890625
topaneu_center2_ct_169_0000.nii.gz,CTA,295,364,296,0.478515625,0.478515625,0.5,-1024.0,-1020.0209350585938,-1010.9896850585938,-1007.0105590820312,30.01910972595215,1423.0233154296875,1478.999267578125,1538.954345703125,1906.0167236328125,-151.08053588867188,596.2153930664062,-1024.0,-1020.0209350585938,-1010.9896850585938,-1007.0105590820312,30.01910972595215,1423.0233154296875,1478.999267578125,1538.954345703125,1906.0167236328125,-151.08053588867188,596.2153930664062
topaneu_center2_ct_170_0000.nii.gz,CTA,216,403,334,0.41015625,0.41015625,0.6999969482421875,-1024.0,-1008.9805908203125,-1004.9995727539062,-1001.9835815429688,42.981258392333984,1935.004638671875,2016.97802734375,2114.996337890625,2929.0,-51.29688262939453,684.1688842773438,-1024.0,-1008.9805908203125,-1004.9995727539062,-1001.9835815429688,42.981258392333984,1935.004638671875,2016.97802734375,2114.996337890625,2929.0,-51.29688262939453,684.1688842773438
topaneu_center2_ct_171_0000.nii.gz,CTA,170,340,330,0.4101560115814209,0.4101560115814209,0.8000030517578125,-2048.0,-1019.9764404296875,-1008.9738159179688,-1003.9964599609375,40.007080078125,1477.0263671875,1551.0321044921875,1671.9952392578125,2244.0,-13.165142059326172,604.8016967773438,-2048.0,-1019.9764404296875,-1008.9738159179688,-1003.9964599609375,40.007080078125,1477.0263671875,1551.0321044921875,1671.9952392578125,2244.0,-13.165142059326172,604.8016967773438
topaneu_center2_ct_172_0000.nii.gz,CTA,195,406,317,0.42773398756980896,0.42773398756980896,0.7999992370605469,-2048.0,-2048.0,-1004.9951782226562,-1000.0191040039062,41.01986312866211,1389.0382080078125,1466.996337890625,1563.015625,1977.9937744140625,-157.60430908203125,619.7632446289062,-2048.0,-2048.0,-1004.9951782226562,-1000.0191040039062,41.01986312866211,1389.0382080078125,1466.996337890625,1563.015625,1977.9937744140625,-157.60430908203125,619.7632446289062
topaneu_center2_ct_173_0000.nii.gz,CTA,220,379,290,0.455078125,0.455078125,0.699951171875,-1024.0,-1014.0038452148438,-1007.993896484375,-1004.9889526367188,33.99629592895508,1995.999267578125,2103.994384765625,2224.990478515625,2995.0,-87.12968444824219,693.46875,-1024.0,-1014.0038452148438,-1007.993896484375,-1004.9889526367188,33.99629592895508,1995.999267578125,2103.994384765625,2224.990478515625,2995.0,-87.12968444824219,693.46875
topaneu_center2_ct_174_0000.nii.gz,CTA,226,282,231,0.5605469942092896,0.5605469942092896,0.625,-1023.9545288085938,-1015.0191650390625,-1007.0211181640625,-1002.0222778320312,37.040740966796875,1272.9315185546875,1373.032470703125,1576.9835205078125,3070.999755859375,-75.75425720214844,570.0059204101562,-1023.9545288085938,-1015.0191650390625,-1007.0211181640625,-1002.0222778320312,37.040740966796875,1272.9315185546875,1373.032470703125,1576.9835205078125,3070.999755859375,-75.75425720214844,570.0059204101562
topaneu_center2_ct_175_0000.nii.gz,CTA,304,323,232,0.587890625,0.587890625,0.5,-1024.0,-1024.0,-1021.013671875,-1016.0208740234375,39.98454666137695,1533.95849609375,1574.0411376953125,1630.035400390625,2033.9874267578125,-33.475135803222656,631.9111938476562,-1024.0,-1024.0,-1021.013671875,-1016.0208740234375,39.98454666137695,1533.95849609375,1574.0411376953125,1630.035400390625,2033.9874267578125,-33.475135803222656,631.9111938476562
topaneu_center2_ct_184_0000.nii.gz,CTA,243,380,298,0.4882810115814209,0.4882810115814209,0.625,-1023.95458984375,-1015.9480590820312,-1008.9793701171875,-1004.97607421875,37.01282501220703,1652.0634765625,1703.018798828125,1769.9871826171875,2214.99365234375,-124.48468780517578,653.945068359375,-1023.95458984375,-1015.9480590820312,-1008.9793701171875,-1004.97607421875,37.01282501220703,1652.0634765625,1703.018798828125,1769.9871826171875,2214.99365234375,-124.48468780517578,653.945068359375
topaneu_center2_ct_189_0000.nii.gz,CTA,197,416,323,0.396484375,0.396484375,0.6999969482421875,-1024.0,-1013.9793701171875,-1008.9994506835938,-1006.995361328125,46.01786804199219,2016.007080078125,2078.013427734375,2157.995849609375,2956.0,-59.013607025146484,760.7030029296875,-1024.0,-1013.9793701171875,-1008.9994506835938,-1006.995361328125,46.01786804199219,2016.007080078125,2078.013427734375,2157.995849609375,2956.0,-59.013607025146484,760.7030029296875
topaneu_center2_ct_190_0000.nii.gz,CTA,154,392,322,0.4101560115814209,0.4101560115814209,1.0,-2047.9998779296875,-2047.9998779296875,-1017.0320434570312,-1004.95263671875,38.02965545654297,1533.9884033203125,1603.996826171875,1704.0087890625,2208.0302734375,-98.60926055908203,631.6190795898438,-2047.9998779296875,-2047.9998779296875,-1017.0320434570312,-1004.95263671875,38.02965545654297,1533.9884033203125,1603.996826171875,1704.0087890625,2208.0302734375,-98.60926055908203,631.6190795898438
topaneu_center2_ct_191_0000.nii.gz,CTA,230,398,307,0.408203125,0.408203125,0.5999755859375,-1024.0,-1024.0,-1021.0064697265625,-1015.01953125,41.988582611083984,1455.9793701171875,1497.977294921875,1582.0179443359375,1904.01708984375,-85.72394561767578,620.1392822265625,-1024.0,-1024.0,-1021.0064697265625,-1015.01953125,41.988582611083984,1455.9793701171875,1497.977294921875,1582.0179443359375,1904.01708984375,-85.72394561767578,620.1392822265625
topaneu_center2_ct_192_0000.nii.gz,CTA,500,378,317,0.41992199420928955,0.41992199420928955,0.2999992370605469,-31743.0,-3023.60595703125,-3023.60595703125,-1019.814697265625,46.48504638671875,1476.9344482421875,1535.0433349609375,1637.7025146484375,31726.53125,-71.68013000488281,693.5336303710938,-31743.0,-3023.60595703125,-3023.60595703125,-1019.814697265625,46.48504638671875,1476.9344482421875,1535.0433349609375,1637.7025146484375,31726.53125,-71.68013000488281,693.5336303710938
topaneu_center2_ct_193_0000.nii.gz,CTA,398,449,361,0.3619999885559082,0.3619999885559082,0.29998779296875,-2048.0,-2048.0,-2048.0,-2048.0,46.0273323059082,1792.0185546875,1857.0040283203125,1957.9886474609375,2329.0,-72.92166900634766,701.3555908203125,-2048.0,-2048.0,-2048.0,-2048.0,46.0273323059082,1792.0185546875,1857.0040283203125,1957.9886474609375,2329.0,-72.92166900634766,701.3555908203125
topaneu_center2_ct_196_0000.nii.gz,CTA,237,343,296,0.4882810115814209,0.4882810115814209,0.625,-1023.9546508789062,-1019.93994140625,-1011.039794921875,-1007.0250854492188,41.97889709472656,1611.0106201171875,1672.0538330078125,1777.9844970703125,2145.98486328125,-56.878021240234375,621.0316772460938,-1023.9546508789062,-1019.93994140625,-1011.039794921875,-1007.0250854492188,41.97889709472656,1611.0106201171875,1672.0538330078125,1777.9844970703125,2145.98486328125,-56.878021240234375,621.0316772460938
topaneu_center2_ct_197_0000.nii.gz,CTA,174,427,332,0.38999998569488525,0.38999998569488525,0.79998779296875,-2048.0,-2048.0,-2048.0,-2048.0,30.0079345703125,1461.0250244140625,1530.9990234375,1642.0076904296875,2102.0,-132.96153259277344,659.6988525390625,-2048.0,-2048.0,-2048.0,-2048.0,30.0079345703125,1461.0250244140625,1530.9990234375,1642.0076904296875,2102.0,-132.96153259277344,659.6988525390625
topaneu_center2_mr_002_0000.nii.gz,MRA,200,583,490,0.2976190447807312,0.2976190447807312,0.5499999523162842,0.0,0.0,0.0,0.0,392.1694641113281,808.8410034179688,943.6021728515625,2144.612548828125,4485.31005859375,336.3209228515625,248.67311096191406,12.251018524169922,12.251018524169922,12.251018524169922,12.251018524169922,416.6715087890625,821.0919799804688,955.8532104492188,2230.36962890625,4485.31005859375,360.004150390625,240.13917541503906
topaneu_center2_mr_004_0000.nii.gz,MRA,140,570,465,0.2976190447807312,0.2976190447807312,0.5500003099441528,0.0,0.0,0.0,0.0,273.7440490722656,543.8115234375,708.0761108398438,1554.817138671875,2974.6005859375,241.64926147460938,161.10333251953125,3.631159782409668,3.631159782409668,7.307708740234375,7.307708740234375,281.0517578125,547.4880981445312,722.6461791992188,1565.756103515625,2974.6005859375,249.26620483398438,157.71409606933594
topaneu_center2_mr_007_0000.nii.gz,MRA,140,604,480,0.2976190447807312,0.2976190447807312,0.5500012040138245,0.0,0.0,0.0,0.0,244.3054962158203,527.0634155273438,701.5496215820312,1434.5489501953125,2715.495361328125,220.00404357910156,160.23666381835938,3.480607509613037,3.480607509613037,3.480607509613037,6.961215019226074,258.2693786621094,530.5440673828125,725.9967041015625,1444.9908447265625,2715.495361328125,230.2978057861328,156.54551696777344
topaneu_center2_mr_010_0000.nii.gz,MRA,140,624,470,0.2976190447807312,0.2976190447807312,0.5500010251998901,0.0,0.0,0.0,0.0,284.1127624511719,544.2515258789062,656.287841796875,1544.6396484375,3445.471923828125,238.11692810058594,164.2774658203125,3.995664358139038,3.995664358139038,3.995664358139038,7.991328716278076,296.15234375,548.2471923828125,672.2705078125,1568.666259765625,3445.471923828125,250.2371063232422,159.1471405029297
topaneu_center2_mr_011_0000.nii.gz,MRA,136,404,351,0.3905999958515167,0.3905999958515167,0.5999425053596497,0.0,0.0,9.984130859375,38.00738525390625,243.00360107421875,577.99658203125,663.0139770507812,981.99853515625,2218.0,244.32838439941406,120.88928985595703,1.0153353214263916,7.005814075469971,29.00474739074707,53.00050735473633,243.98509216308594,577.99658203125,663.9954833984375,983.0138549804688,2218.0,245.17454528808594,120.23882293701172
topaneu_center2_mr_012_0000.nii.gz,MRA,200,603,485,0.2976190447807312,0.2976190447807312,0.550000011920929,0.0,0.0,0.0,0.0,313.53729248046875,802.590576171875,953.1101684570312,2106.85302734375,3937.843505859375,295.19036865234375,239.14227294921875,12.558317184448242,12.558317184448242,12.558317184448242,12.558317184448242,351.15216064453125,815.14892578125,990.7249755859375,2144.4677734375,3937.843505859375,318.5827941894531,232.95614624023438
topaneu_center2_mr_016_0000.nii.gz,MRA,198,598,460,0.2976190447807312,0.2976190447807312,0.550000011920929,0.0,0.0,0.0,0.0,453.2481689453125,961.4122314453125,1071.243896484375,2334.84716796875,5040.49169921875,400.9449462890625,273.04302978515625,13.767422676086426,13.767422676086426,13.767422676086426,13.767422676086426,466.9386901855469,975.1027221679688,1085.0113525390625,2389.76318359375,5040.49169921875,420.6856689453125,264.4210510253906
topaneu_center2_mr_017_0000.nii.gz,MRA,200,608,475,0.2976190447807312,0.2976190447807312,0.5500000715255737,0.0,0.0,0.0,0.0,363.0451354980469,816.81884765625,907.61279296875,2014.8546142578125,4283.78857421875,324.1457824707031,218.32615661621094,18.171865463256836,18.171865463256836,18.171865463256836,18.171865463256836,381.21697998046875,816.81884765625,925.7192993164062,2069.304931640625,4283.78857421875,348.198486328125,206.94973754882812
topaneu_center2_mr_018_0000.nii.gz,MRA,196,648,495,0.2976190447807312,0.2976190447807312,0.550000786781311,0.0,0.0,0.0,0.0,318.0873718261719,710.9405517578125,860.6052856445312,2095.438720703125,4359.23388671875,282.7894592285156,213.00350952148438,18.691457748413086,18.691457748413086,18.691457748413086,18.691457748413086,355.47027587890625,729.6320190429688,916.7461547851562,2188.962646484375,4359.23388671875,324.2731018066406,196.40281677246094
topaneu_center2_mr_019_0000.nii.gz,MRA,200,578,510,0.2976190447807312,0.2976190447807312,0.5499999523162842,0.0,0.0,0.0,0.0,365.693115234375,699.633544921875,858.6357421875,2035.27587890625,3911.489990234375,314.0923156738281,215.29029846191406,15.87634563446045,15.87634563446045,15.87634563446045,15.87634563446045,381.629150390625,715.5098876953125,890.4481201171875,2082.964599609375,3911.489990234375,336.1129150390625,205.42160034179688
topaneu_center2_mr_020_0000.nii.gz,MRA,200,587,515,0.2976190447807312,0.2976190447807312,0.550000011920929,0.0,0.0,0.0,0.0,305.3283386230469,757.6445922851562,915.9849853515625,2250.37744140625,4862.62255859375,283.4017639160156,238.9621124267578,11.278227806091309,11.278227806091309,11.278227806091309,11.278227806091309,361.86785888671875,780.2752685546875,961.2462768554688,2386.087158203125,4862.62255859375,323.1998596191406,228.60250854492188
topaneu_center2_mr_025_0000.nii.gz,MRA,200,553,470,0.2976190447807312,0.2976190447807312,0.550000011920929,0.0,0.0,0.0,0.0,359.1312561035156,783.6104736328125,881.5382690429688,1910.0308837890625,4113.90771484375,314.4223327636719,226.43687438964844,16.3212947845459,16.3212947845459,16.3212947845459,16.3212947845459,391.77386474609375,799.9317626953125,897.8595581054688,2040.601318359375,4113.90771484375,349.33673095703125,211.59007263183594
topaneu_center2_mr_028_0000.nii.gz,MRA,200,583,450,0.2976190447807312,0.2976190447807312,0.549999475479126,0.0,0.0,0.0,0.0,268.48138427734375,566.80517578125,671.2034912109375,1640.730712890625,3281.411376953125,240.45645141601562,172.6730499267578,14.921195983886719,14.921195983886719,14.921195983886719,14.921195983886719,298.32379150390625,581.7263793945312,686.1246337890625,1715.28662109375,3281.411376953125,261.88885498046875,163.89215087890625
topaneu_center2_mr_029_0000.nii.gz,MRA,200,573,455,0.2976190447807312,0.2976190447807312,0.550000011920929,0.0,0.0,0.0,0.0,265.58197021484375,640.4819946289062,718.5883178710938,1468.4908447265625,3358.72509765625,246.2546844482422,182.72280883789062,15.631512641906738,15.631512641906738,15.631512641906738,15.631512641906738,296.7937316894531,656.113525390625,734.2198486328125,1546.59716796875,3358.72509765625,270.94482421875,173.33636474609375
topaneu_center2_mr_031_0000.nii.gz,MRA,185,568,465,0.2976190447807312,0.2976190447807312,0.5500035881996155,0.0,0.0,0.0,0.0,390.0528259277344,823.3889770507812,931.7544555664062,2166.806640625,4116.94482421875,339.6607971191406,240.4609375,21.673091888427734,21.673091888427734,21.673091888427734,21.673091888427734,411.7259216308594,823.3889770507812,953.4275512695312,2231.825927734375,4116.94482421875,369.32611083984375,227.84930419921875
topaneu_center2_mr_032_0000.nii.gz,MRA,140,559,490,0.2976190447807312,0.2976190447807312,0.5500002503395081,0.0,0.0,0.0,0.0,314.7090759277344,666.1568603515625,784.6823120117188,1773.7530517578125,3424.85205078125,276.0059509277344,198.45401000976562,4.0762715339660645,4.0762715339660645,8.152543067932129,8.152543067932129,331.06640625,670.2330932617188,805.1159057617188,1794.1866455078125,3424.85205078125,289.636474609375,193.3418731689453
topaneu_center2_mr_034_0000.nii.gz,MRA,187,587,450,0.2976190447807312,0.2976190447807312,0.550002932548523,0.0,0.0,0.0,0.0,360.87188720703125,704.5894165039062,842.1044311523438,2027.9263916015625,4588.61865234375,310.3343811035156,217.1050567626953,17.154367446899414,17.154367446899414,17.154367446899414,17.154367446899414,378.0962829589844,721.8137817382812,876.4832153320312,2079.45947265625,4588.61865234375,334.7799072265625,206.55169677734375
topaneu_center2_mr_035_0000.nii.gz,MRA,200,572,470,0.2976190447807312,0.2976190447807312,0.5499999523162842,0.0,0.0,0.0,0.0,358.6565246582031,757.1497802734375,876.6599731445312,2032.302978515625,4124.32958984375,321.9968566894531,227.1884765625,19.94983673095703,19.94983673095703,19.94983673095703,19.94983673095703,398.4932556152344,777.0366821289062,896.6098022460938,2092.026611328125,4124.32958984375,345.3023376464844,217.4923553466797
topaneu_center2_mr_038_0000.nii.gz,MRA,200,567,460,0.2976190447807312,0.2976190447807312,0.5499941110610962,0.0,0.0,0.0,0.0,389.8693542480469,797.502685546875,903.8657836914062,2073.529052734375,3615.407958984375,353.6788024902344,220.7394561767578,17.70879554748535,17.70879554748535,17.70879554748535,17.70879554748535,407.6333312988281,797.502685546875,939.2833862304688,2126.71044921875,3615.407958984375,376.6265563964844,207.9535369873047
topaneu_center2_mr_042_0000.nii.gz,MRA,200,572,470,0.2976190447807312,0.2976190447807312,0.550000011920929,0.0,0.0,0.0,0.0,423.8238830566406,913.8955078125,1033.112060546875,2556.295654296875,4807.91064453125,369.15234375,256.5154113769531,13.278885841369629,13.278885841369629,13.278885841369629,13.278885841369629,450.3083190917969,913.8955078125,1046.3175048828125,2622.469970703125,4807.91064453125,392.02142333984375,246.80218505859375
topaneu_center2_mr_044_0000.nii.gz,MRA,138,577,455,0.2976190447807312,0.2976190745830536,0.550001859664917,0.0,0.0,0.0,0.0,262.1795959472656,541.4315795898438,653.7943115234375,1494.8597412109375,3442.584716796875,231.4570770263672,170.1212158203125,3.4144809246063232,3.4144809246063232,6.8289618492126465,6.8289618492126465,275.8375244140625,544.8460693359375,667.399658203125,1511.879638671875,3442.584716796875,242.0081787109375,166.4544219970703
topaneu_center2_mr_047_0000.nii.gz,MRA,200,583,480,0.2976190447807312,0.2976190447807312,0.5499999523162842,0.0,0.0,0.0,0.0,337.22503662109375,765.2586059570312,882.0203857421875,2049.359130859375,3657.736083984375,306.4565124511719,207.33636474609375,12.948726654052734,12.948726654052734,12.948726654052734,12.948726654052734,350.22955322265625,765.2586059570312,894.9691162109375,2075.3125,3657.736083984375,322.1245422363281,200.34759521484375
topaneu_center2_mr_048_0000.nii.gz,MRA,200,572,450,0.2976190447807312,0.2976190447807312,0.550000011920929,0.0,0.0,0.0,0.0,337.0964050292969,694.0812377929688,832.8596801757812,2082.1806640625,4124.6474609375,303.40673828125,224.7434539794922,19.825496673583984,19.825496673583984,19.825496673583984,19.825496673583984,376.74737548828125,713.90673828125,872.5106811523438,2161.482666015625,4124.6474609375,333.3376770019531,213.34304809570312
topaneu_center2_mr_049_0000.nii.gz,MRA,200,583,475,0.2976190447807312,0.2976190745830536,0.550000011920929,0.0,0.0,0.0,0.0,385.2783203125,815.8380737304688,906.5296020507812,1948.9678955078125,4215.2275390625,337.0729675292969,238.71742248535156,22.640727996826172,22.640727996826172,22.640727996826172,22.640727996826172,430.55975341796875,815.8380737304688,929.1703491210938,2016.9544677734375,4215.2275390625,370.4720764160156,224.18536376953125
topaneu_center2_mr_050_0000.nii.gz,MRA,200,537,450,0.2976190447807312,0.2976190447807312,0.5500000715255737,0.0,0.0,0.0,0.0,379.0462646484375,758.018310546875,960.1961059570312,2539.394775390625,4864.068359375,331.40216064453125,232.4661865234375,12.617557525634766,12.617557525634766,12.617557525634766,12.617557525634766,404.2813720703125,770.6358642578125,985.4312133789062,2589.939208984375,4864.068359375,351.2584533691406,224.28492736816406
topaneu_center2_mr_051_0000.nii.gz,MRA,185,632,505,0.2976190447807312,0.2976190447807312,0.5499999523162842,0.0,0.0,0.0,0.0,327.0360107421875,654.072021484375,877.783447265625,2048.19873046875,3666.148681640625,292.7440490722656,194.85948181152344,17.230087280273438,17.230087280273438,17.230087280273438,17.230087280273438,344.26611328125,671.2461547851562,912.24365234375,2082.658935546875,3666.148681640625,315.1016845703125,183.9162139892578
topaneu_center2_mr_054_0000.nii.gz,MRA,200,563,500,0.2976190447807312,0.2976190447807312,0.550000011920929,0.0,0.0,0.0,0.0,357.872802734375,698.7402954101562,801.0259399414062,1738.3480224609375,4158.36767578125,301.7041320800781,223.2407684326172,17.068756103515625,17.068756103515625,17.068756103515625,17.068756103515625,391.9468688964844,698.7402954101562,835.0999755859375,1823.56494140625,4158.36767578125,333.70953369140625,210.81436157226562
topaneu_center2_mr_055_0000.nii.gz,MRA,140,569,455,0.2976190447807312,0.2976190447807312,0.550002932548523,0.0,0.0,0.0,0.0,327.30291748046875,630.7567138671875,726.518798828125,1744.4937744140625,4794.32177734375,281.94818115234375,189.4165496826172,4.023616313934326,4.023616313934326,7.974076271057129,7.974076271057129,343.32421875,634.7072143554688,738.5164794921875,1776.3900146484375,4794.32177734375,295.7858581542969,183.1571044921875
topaneu_center2_mr_056_0000.nii.gz,MRA,200,613,480,0.2976190745830536,0.2976190447807312,0.5500000715255737,0.0,0.0,0.0,0.0,413.2147521972656,826.510009765625,991.7798461914062,2465.683837890625,5275.6728515625,356.0521545410156,248.83909606933594,13.765774726867676,13.765774726867676,13.765774726867676,13.765774726867676,440.8268127441406,840.2758178710938,1005.5455932617188,2534.5126953125,5275.6728515625,385.1835021972656,236.148681640625
topaneu_center2_mr_057_0000.nii.gz,MRA,200,567,460,0.2976190447807312,0.2976190447807312,0.550000011920929,0.0,0.0,0.0,0.0,352.133544921875,743.3475952148438,821.5669555664062,1877.9091796875,3834.03759765625,306.59173583984375,217.02728271484375,19.540224075317383,19.540224075317383,19.540224075317383,19.540224075317383,391.2140197753906,743.3475952148438,841.1657104492188,1975.727294921875,3834.03759765625,344.734130859375,199.52838134765625
topaneu_center2_mr_058_0000.nii.gz,MRA,200,603,495,0.2976190149784088,0.2976190447807312,0.550000011920929,0.0,0.0,0.0,0.0,287.8428039550781,665.039306640625,843.7466430664062,1856.2322998046875,3384.8515625,261.9300537109375,186.73304748535156,9.916708946228027,9.916708946228027,9.916708946228027,9.916708946228027,297.8111572265625,675.0076293945312,873.4967651367188,1876.065673828125,3384.8515625,276.68206787109375,180.97366333007812
topaneu_center2_mr_069_0000.nii.gz,MRA,220,583,475,0.2976190447807312,0.2976190447807312,0.5,0.0,0.0,0.0,0.0,338.19091796875,695.1350708007812,807.84423828125,1897.4931640625,4151.99365234375,283.59381103515625,217.01715087890625,18.816543579101562,18.816543579101562,18.816543579101562,18.816543579101562,375.7606506347656,695.1350708007812,845.4140014648438,2029.0189208984375,4151.99365234375,319.8092346191406,203.78594970703125
topaneu_center2_mr_074_0000.nii.gz,MRA,200,613,475,0.2976190447807312,0.2976190447807312,0.5499992966651917,0.0,0.0,0.0,0.0,368.6327819824219,780.6715698242188,954.0833740234375,2190.129150390625,4640.48193359375,319.4077453613281,245.2448272705078,21.667619705200195,21.667619705200195,21.667619705200195,21.667619705200195,412.038818359375,802.3392333984375,1019.1570434570312,2320.20556640625,4640.48193359375,364.53173828125,228.45748901367188
topaneu_center2_mr_077_0000.nii.gz,MRA,193,593,515,0.2976190447807312,0.2976190447807312,0.550000011920929,0.0,0.0,0.0,0.0,271.85638427734375,619.2256469726562,694.7384643554688,1767.091552734375,3292.572021484375,244.1868133544922,192.37368774414062,15.12267017364502,15.12267017364502,15.12267017364502,15.12267017364502,317.17413330078125,619.2256469726562,740.0562744140625,1842.6546630859375,3292.572021484375,279.3631286621094,180.310302734375
topaneu_center2_mr_078_0000.nii.gz,MRA,200,542,455,0.2976190447807312,0.2976190447807312,0.550000011920929,0.0,0.0,0.0,0.0,325.51629638671875,813.76220703125,886.0737915039062,1735.99169921875,3743.237548828125,314.5273132324219,215.12240600585938,18.1064510345459,18.1064510345459,18.1064510345459,18.1064510345459,361.6720886230469,831.8115234375,904.1802368164062,1790.2540283203125,3743.237548828125,337.5513000488281,204.67898559570312
topaneu_center2_mr_079_0000.nii.gz,MRA,200,563,495,0.2976190447807312,0.2976190447807312,0.550000011920929,0.0,0.0,0.0,0.0,452.3893127441406,945.9189453125,1069.2628173828125,2426.353515625,5058.40869140625,395.5129699707031,282.59344482421875,20.531574249267578,20.531574249267578,20.531574249267578,20.531574249267578,493.5296325683594,945.9189453125,1089.7943115234375,2508.63427734375,5058.40869140625,424.6682434082031,270.85894775390625
topaneu_center2_mr_080_0000.nii.gz,MRA,200,598,480,0.2976190745830536,0.2976190447807312,0.550000011920929,0.0,0.0,0.0,0.0,400.6189880371094,886.2252197265625,1092.5526123046875,2670.71142578125,5365.73974609375,352.3113708496094,264.0234680175781,12.117639541625977,12.117639541625977,12.117639541625977,12.117639541625977,424.8542785644531,898.3428344726562,1128.9874267578125,2719.263916015625,5365.73974609375,373.91339111328125,256.7202453613281
topaneu_center2_mr_083_0000.nii.gz,MRA,190,562,500,0.2976190447807312,0.2976190447807312,0.5499993562698364,0.0,0.0,0.0,0.0,302.9546203613281,706.8941040039062,807.8789672851562,1885.0335693359375,3416.64599609375,273.32952880859375,195.2687225341797,16.839500427246094,16.839500427246094,16.839500427246094,16.839500427246094,319.79412841796875,706.8941040039062,841.5579833984375,1918.7125244140625,3416.64599609375,294.8861389160156,186.49478149414062
topaneu_center2_mr_085_0000.nii.gz,MRA,200,588,445,0.2976190447807312,0.2976190447807312,0.550000011920929,0.0,0.0,0.0,0.0,390.6083068847656,885.368896484375,1067.59814453125,2590.91845703125,4882.41748046875,338.5615234375,250.82020568847656,13.037660598754883,13.037660598754883,13.037660598754883,13.037660598754883,403.6459655761719,885.368896484375,1106.711181640625,2642.99462890625,4882.41748046875,359.2702331542969,243.55455017089844
topaneu_center2_mr_086_0000.nii.gz,MRA,201,505,408,0.3515625,0.3515625,0.6000011563301086,0.0,0.0,0.0,0.0,476.15264892578125,1062.203125,1153.7401123046875,1803.8931884765625,3497.888427734375,414.283935546875,275.0955810546875,9.180389404296875,9.180389404296875,9.180389404296875,9.180389404296875,485.3330383300781,1062.203125,1162.9205322265625,1813.0201416015625,3497.888427734375,422.20892333984375,271.6233215332031
topaneu_center4_ct_002_0000.nii.gz,CTA,596,403,320,0.4300000071525574,0.4300000071525574,0.25003570318222046,-2047.9998779296875,-1030.03271484375,-1022.970947265625,-1019.9730224609375,35.96805191040039,1588.967529296875,1646.994384765625,1755.986083984375,2318.0,-103.79881286621094,597.6187744140625,-2047.9998779296875,-1030.03271484375,-1022.970947265625,-1019.9730224609375,35.96805191040039,1588.967529296875,1646.994384765625,1755.986083984375,2318.0,-103.79881286621094,597.6187744140625
topaneu_center4_ct_005_0000.nii.gz,CTA,604,369,317,0.4300000071525574,0.429999977350235,0.24997785687446594,-2047.9998779296875,-2047.9998779296875,-1097.9901123046875,-1059.9703369140625,37.0121955871582,1410.0,1525.9910888671875,1765.9776611328125,2474.0,-76.54339599609375,570.6874389648438,-2047.9998779296875,-2047.9998779296875,-1097.9901123046875,-1059.9703369140625,37.0121955871582,1410.0,1525.9910888671875,1765.9776611328125,2474.0,-76.54339599609375,570.6874389648438
topaneu_center4_ct_008_1_0000.nii.gz,CTA,586,386,310,0.4300000071525574,0.4300000071525574,0.25,-2048.0,-2048.0,-1093.011474609375,-1060.989501953125,46.97086715698242,1739.9993896484375,1797.972412109375,1886.966796875,2324.0,-35.946998596191406,687.7486572265625,-2048.0,-2048.0,-1093.011474609375,-1060.989501953125,46.97086715698242,1739.9993896484375,1797.972412109375,1886.966796875,2324.0,-35.946998596191406,687.7486572265625
topaneu_center4_ct_008_2_0000.nii.gz,CTA,586,386,310,0.4300000071525574,0.4300000071525574,0.25,-2048.0,-2048.0,-1093.011474609375,-1060.989501953125,46.97086715698242,1739.9993896484375,1797.972412109375,1886.966796875,2324.0,-35.946998596191406,687.7486572265625,-2048.0,-2048.0,-1093.011474609375,-1060.989501953125,46.97086715698242,1739.9993896484375,1797.972412109375,1886.966796875,2324.0,-35.946998596191406,687.7486572265625
topaneu_center4_ct_009_0000.nii.gz,CTA,622,354,368,0.42899999022483826,0.42899999022483826,0.25,-2048.0,-2048.0,-1036.0308837890625,-1028.02734375,44.9855842590332,1685.02685546875,1742.0009765625,1834.9908447265625,2397.0,-154.6258087158203,630.048095703125,-2048.0,-2048.0,-1036.0308837890625,-1028.02734375,44.9855842590332,1685.02685546875,1742.0009765625,1834.9908447265625,2397.0,-154.6258087158203,630.048095703125
topaneu_center4_ct_012_0000.nii.gz,CTA,550,418,332,0.38999998569488525,0.38999998569488525,0.25,-2048.0,-2048.0,-2048.0,-2048.0,41.03195571899414,1712.02392578125,1784.9954833984375,1900.018310546875,2455.0,-100.88493347167969,697.422607421875,-2048.0,-2048.0,-2048.0,-2048.0,41.03195571899414,1712.02392578125,1784.9954833984375,1900.018310546875,2455.0,-100.88493347167969,697.422607421875
topaneu_center4_ct_019_0000.nii.gz,CTA,598,383,324,0.4300000071525574,0.4300000071525574,0.24997490644454956,-2048.0,-2048.0,-2048.0,-2048.0,41.999725341796875,1585.0172119140625,1671.9842529296875,1796.0235595703125,2306.0,-131.21176147460938,686.271484375,-2048.0,-2048.0,-2048.0,-2048.0,41.999725341796875,1585.0172119140625,1671.9842529296875,1796.0235595703125,2306.0,-131.21176147460938,686.271484375
topaneu_center4_ct_020_1_0000.nii.gz,CTA,608,396,352,0.4300000071525574,0.4300000071525574,0.25003740191459656,-2047.9998779296875,-2047.9998779296875,-1032.9967041015625,-1029.0003662109375,31.02816390991211,1437.00634765625,1548.970458984375,1673.9891357421875,2317.0,-177.5525665283203,590.6146240234375,-2047.9998779296875,-2047.9998779296875,-1032.9967041015625,-1029.0003662109375,31.02816390991211,1437.00634765625,1548.970458984375,1673.9891357421875,2317.0,-177.5525665283203,590.6146240234375
topaneu_center4_ct_020_2_0000.nii.gz,CTA,610,399,351,0.42899999022483826,0.42899999022483826,0.25,-2048.0,-2048.0,-2048.0,-2048.0,35.02275466918945,1425.0045166015625,1571.973876953125,1803.0330810546875,2436.0,-183.0678253173828,625.5731811523438,-2048.0,-2048.0,-2048.0,-2048.0,35.02275466918945,1425.0045166015625,1571.973876953125,1803.0330810546875,2436.0,-183.0678253173828,625.5731811523438
topaneu_center4_ct_020_3_0000.nii.gz,CTA,591,397,351,0.4300000071525574,0.4300000071525574,0.2500550150871277,-2048.0,-2048.0,-2048.0,-2048.0,39.01313018798828,1329.9754638671875,1484.993408203125,1733.0220947265625,2369.0,-170.88540649414062,618.232666015625,-2048.0,-2048.0,-2048.0,-2048.0,39.01313018798828,1329.9754638671875,1484.993408203125,1733.0220947265625,2369.0,-170.88540649414062,618.232666015625
topaneu_center4_ct_023_0000.nii.gz,CTA,592,382,320,0.4300000071525574,0.43000003695487976,0.24999824166297913,-2048.0,-1034.9918212890625,-1028.986572265625,-1021.0244750976562,35.03291702270508,1553.9715576171875,1609.0313720703125,1710.9866943359375,2374.0,-115.39715576171875,636.255126953125,-2048.0,-1034.9918212890625,-1028.986572265625,-1021.0244750976562,35.03291702270508,1553.9715576171875,1609.0313720703125,1710.9866943359375,2374.0,-115.39715576171875,636.255126953125
topaneu_center4_ct_025_1_0000.nii.gz,CTA,584,372,323,0.4300000071525574,0.43000003695487976,0.2500380873680115,-2048.0,-1108.9693603515625,-1072.058837890625,-1057.021240234375,38.94734573364258,1653.0301513671875,1745.9898681640625,1914.0010986328125,6911.0,-92.64505004882812,656.0916137695312,-2048.0,-1108.9693603515625,-1072.058837890625,-1057.021240234375,38.94734573364258,1653.0301513671875,1745.9898681640625,1914.0010986328125,6911.0,-92.64505004882812,656.0916137695312
topaneu_center4_ct_025_2_0000.nii.gz,CTA,574,367,323,0.42899999022483826,0.42899999022483826,0.25,-1340.0,-1127.020751953125,-1083.9814453125,-1066.01513671875,41.01076889038086,1731.99560546875,1816.0274658203125,1932.011962890625,2386.0,-76.93124389648438,670.0289916992188,-1340.0,-1127.020751953125,-1083.9814453125,-1066.01513671875,41.01076889038086,1731.99560546875,1816.0274658203125,1932.011962890625,2386.0,-76.93124389648438,670.0289916992188
topaneu_center4_ct_030_0000.nii.gz,CTA,626,393,330,0.4300000071525574,0.43000003695487976,0.2500300407409668,-2048.0,-2048.0,-2048.0,-1068.01171875,44.025997161865234,1697.970458984375,1763.020751953125,1853.0025634765625,2356.0,-79.2092056274414,649.6642456054688,-2048.0,-2048.0,-2048.0,-1068.01171875,44.025997161865234,1697.970458984375,1763.020751953125,1853.0025634765625,2356.0,-79.2092056274414,649.6642456054688
topaneu_center4_ct_034_1_0000.nii.gz,CTA,554,384,319,0.4099999964237213,0.4099999964237213,0.25,-2048.0,-2048.0,-2048.0,-2048.0,42.07693862915039,1315.9541015625,1490.96337890625,1859.0101318359375,9098.0,-189.51585388183594,632.3326416015625,-2048.0,-2048.0,-2048.0,-2048.0,42.07693862915039,1315.9541015625,1490.96337890625,1859.0101318359375,9098.0,-189.51585388183594,632.3326416015625
topaneu_center4_ct_034_2_0000.nii.gz,CTA,285,371,301,0.42899999022483826,0.42899999022483826,0.29998779296875,-1260.999755859375,-1138.04052734375,-1112.0572509765625,-1098.000732421875,45.97394561767578,1353.9415283203125,1546.0474853515625,1893.059326171875,8044.0,-76.22772216796875,543.9682006835938,-1260.999755859375,-1138.04052734375,-1112.0572509765625,-1098.000732421875,45.97394561767578,1353.9415283203125,1546.0474853515625,1893.059326171875,8044.0,-76.22772216796875,543.9682006835938
topaneu_center4_ct_037_0000.nii.gz,CTA,610,383,345,0.4300000071525574,0.429999977350235,0.2499915510416031,-2048.0,-2048.0,-1100.9998779296875,-1063.0006103515625,38.02858352661133,1639.00830078125,1725.9798583984375,1843.973876953125,2391.0,-116.8603515625,629.4920043945312,-2048.0,-2048.0,-1100.9998779296875,-1063.0006103515625,38.02858352661133,1639.00830078125,1725.9798583984375,1843.973876953125,2391.0,-116.8603515625,629.4920043945312
topaneu_center4_ct_041_0000.nii.gz,CTA,592,422,335,0.38999998569488525,0.39000001549720764,0.24999824166297913,-2048.0,-2048.0,-2048.0,-1221.9952392578125,38.00225067138672,1408.9747314453125,1530.9974365234375,1735.9840087890625,2623.0,-157.632080078125,602.5896606445312,-2048.0,-2048.0,-2048.0,-1221.9952392578125,38.00225067138672,1408.9747314453125,1530.9974365234375,1735.9840087890625,2623.0,-157.632080078125,602.5896606445312
topaneu_center4_ct_042_1_0000.nii.gz,CTA,586,368,319,0.42899999022483826,0.42899996042251587,0.24996575713157654,-2048.0,-1031.9873046875,-1025.96142578125,-1023.9527587890625,43.006595611572266,1712.013671875,1756.021484375,1941.0,9919.0,-63.37728500366211,631.7246704101562,-2048.0,-1031.9873046875,-1025.96142578125,-1023.9527587890625,43.006595611572266,1712.013671875,1756.021484375,1941.0,9919.0,-63.37728500366211,631.7246704101562
topaneu_center4_ct_042_2_0000.nii.gz,CTA,586,368,319,0.42899999022483826,0.42899996042251587,0.2499711811542511,-1337.0,-1120.9876708984375,-1073.9912109375,-1055.994873046875,42.00537872314453,1720.9864501953125,1796.009033203125,1912.01025390625,2419.0,-68.00178527832031,625.4110107421875,-1337.0,-1120.9876708984375,-1073.9912109375,-1055.994873046875,42.00537872314453,1720.9864501953125,1796.009033203125,1912.01025390625,2419.0,-68.00178527832031,625.4110107421875
topaneu_center4_ct_045_0000.nii.gz,CTA,598,386,323,0.4300000071525574,0.4300000071525574,0.2499939650297165,-2048.0,-2048.0,-1085.0166015625,-1055.9910888671875,41.971153259277344,1587.020751953125,1665.031005859375,1787.966552734375,2386.0,-28.250205993652344,628.7096557617188,-2048.0,-2048.0,-1085.0166015625,-1055.9910888671875,41.971153259277344,1587.020751953125,1665.031005859375,1787.966552734375,2386.0,-28.250205993652344,628.7096557617188
topaneu_center4_ct_047_0000.nii.gz,CTA,622,390,331,0.4300000071525574,0.4300000071525574,0.24999883770942688,-2048.0,-2048.0,-2048.0,-2048.0,34.02218246459961,1559.0260009765625,1672.021728515625,1807.0093994140625,2373.0,-159.5887908935547,655.8924560546875,-2048.0,-2048.0,-2048.0,-2048.0,34.02218246459961,1559.0260009765625,1672.021728515625,1807.0093994140625,2373.0,-159.5887908935547,655.8924560546875
topaneu_center4_ct_048_0000.nii.gz,CTA,628,423,333,0.42899999022483826,0.42900002002716064,0.24997691810131073,-2048.0,-2048.0,-2048.0,-2048.0,31.97100830078125,1624.9669189453125,1722.9749755859375,1854.0006103515625,2517.0,-153.47369384765625,667.70947265625,-2048.0,-2048.0,-2048.0,-2048.0,31.97100830078125,1624.9669189453125,1722.9749755859375,1854.0006103515625,2517.0,-153.47369384765625,667.70947265625
topaneu_center4_ct_051_1_0000.nii.gz,CTA,598,396,306,0.4300000071525574,0.43000003695487976,0.2499987632036209,-2047.9998779296875,-1106.993408203125,-1066.014892578125,-1050.0184326171875,36.99932861328125,1396.979736328125,1528.9683837890625,1819.0167236328125,2413.0,-119.7216567993164,615.6674194335938,-2047.9998779296875,-1106.993408203125,-1066.014892578125,-1050.0184326171875,36.99932861328125,1396.979736328125,1528.9683837890625,1819.0167236328125,2413.0,-119.7216567993164,615.6674194335938
topaneu_center4_ct_051_2_0000.nii.gz,CTA,296,397,306,0.4300000071525574,0.4300000071525574,0.29998779296875,-2048.0,-2048.0,-1091.9688720703125,-1073.0172119140625,48.97870635986328,1466.9920654296875,1626.0216064453125,1867.9991455078125,2452.0,8.24174976348877,527.9221801757812,-2048.0,-2048.0,-1091.9688720703125,-1073.0172119140625,48.97870635986328,1466.9920654296875,1626.0216064453125,1867.9991455078125,2452.0,8.24174976348877,527.9221801757812
topaneu_center4_ct_055_0000.nii.gz,CTA,597,372,320,0.4300000071525574,0.4300000071525574,0.25000107288360596,-2048.0,-2048.0,-2048.0,-2048.0,41.97869110107422,1642.0333251953125,1727.9671630859375,1852.9925537109375,2369.0,-91.01525115966797,659.6253662109375,-2048.0,-2048.0,-2048.0,-2048.0,41.97869110107422,1642.0333251953125,1727.9671630859375,1852.9925537109375,2369.0,-91.01525115966797,659.6253662109375
topaneu_center4_ct_057_0000.nii.gz,CTA,584,358,313,0.4300000071525574,0.429999977350235,0.2500326931476593,-1297.0,-1097.9969482421875,-1068.0015869140625,-1053.00390625,45.0069694519043,1664.016357421875,1732.98291015625,1853.02099609375,2426.0,-42.80121994018555,650.39208984375,-1297.0,-1097.9969482421875,-1068.0015869140625,-1053.00390625,45.0069694519043,1664.016357421875,1732.98291015625,1853.02099609375,2426.0,-42.80121994018555,650.39208984375
topaneu_center4_ct_059_0000.nii.gz,CTA,602,393,341,0.4300000071525574,0.4300000071525574,0.25003814697265625,-2048.0,-2048.0,-2048.0,-2048.0,38.03329849243164,1478.03125,1599.0003662109375,1763.006591796875,2436.0,-152.1854705810547,633.9474487304688,-2048.0,-2048.0,-2048.0,-2048.0,38.03329849243164,1478.03125,1599.0003662109375,1763.006591796875,2436.0,-152.1854705810547,633.9474487304688
topaneu_center4_ct_060_0000.nii.gz,CTA,592,372,313,0.4300000071525574,0.4300000071525574,0.25,-2048.0,-2048.0,-2048.0,-2048.0,34.95561218261719,1422.974853515625,1545.0235595703125,1745.063720703125,7296.0,-152.76629638671875,633.6183471679688,-2048.0,-2048.0,-2048.0,-2048.0,34.95561218261719,1422.974853515625,1545.0235595703125,1745.063720703125,7296.0,-152.76629638671875,633.6183471679688
topaneu_center4_ct_062_1_0000.nii.gz,CTA,622,426,378,0.38999998569488525,0.38999998569488525,0.25,-2048.0,-2048.0,-2048.0,-2048.0,42.97898483276367,1644.992431640625,1724.0294189453125,1827.0333251953125,2364.0,-119.87110137939453,691.077880859375,-2048.0,-2048.0,-2048.0,-2048.0,42.97898483276367,1644.992431640625,1724.0294189453125,1827.0333251953125,2364.0,-119.87110137939453,691.077880859375
topaneu_center4_ct_062_2_0000.nii.gz,CTA,626,385,354,0.42899999022483826,0.42899996042251587,0.2500264644622803,-2048.0,-2048.0,-2048.0,-1094.000244140625,36.063873291015625,1691.9976806640625,1771.981689453125,1869.0577392578125,8827.0,-133.65951538085938,639.9580078125,-2048.0,-2048.0,-2048.0,-1094.000244140625,36.063873291015625,1691.9976806640625,1771.981689453125,1869.0577392578125,8827.0,-133.65951538085938,639.9580078125
topaneu_center4_ct_063_0000.nii.gz,CTA,610,423,343,0.38999998569488525,0.39000001549720764,0.2499987632036209,-2048.0,-2048.0,-2048.0,-2048.0,39.983882904052734,1562.0040283203125,1656.02197265625,1834.0240478515625,2456.0,-114.86612701416016,665.1463623046875,-2048.0,-2048.0,-2048.0,-2048.0,39.983882904052734,1562.0040283203125,1656.02197265625,1834.0240478515625,2456.0,-114.86612701416016,665.1463623046875
topaneu_center4_ct_064_0000.nii.gz,CTA,608,446,347,0.38999998569488525,0.38999998569488525,0.25000831484794617,-2047.9998779296875,-2047.9998779296875,-2047.9998779296875,-2047.9998779296875,37.96961975097656,1503.002197265625,1605.9775390625,1767.0220947265625,2445.0,-123.7752914428711,635.9370727539062,-2047.9998779296875,-2047.9998779296875,-2047.9998779296875,-2047.9998779296875,37.96961975097656,1503.002197265625,1605.9775390625,1767.0220947265625,2445.0,-123.7752914428711,635.9370727539062
topaneu_center4_ct_065_0000.nii.gz,CTA,610,422,355,0.38999998569488525,0.38999998569488525,0.24999120831489563,-2048.0,-2048.0,-2048.0,-2048.0,47.02174758911133,1766.982666015625,1816.0172119140625,1912.009765625,2342.0,-89.48983001708984,759.9915771484375,-2048.0,-2048.0,-2048.0,-2048.0,47.02174758911133,1766.982666015625,1816.0172119140625,1912.009765625,2342.0,-89.48983001708984,759.9915771484375
topaneu_center4_ct_067_0000.nii.gz,CTA,608,403,324,0.4300000071525574,0.4300000071525574,0.25003814697265625,-2048.0,-2048.0,-1087.9923095703125,-1058.9979248046875,41.9755859375,1327.033203125,1474.9930419921875,1715.0289306640625,2402.0,-122.48298645019531,587.3082275390625,-2048.0,-2048.0,-1087.9923095703125,-1058.9979248046875,41.9755859375,1327.033203125,1474.9930419921875,1715.0289306640625,2402.0,-122.48298645019531,587.3082275390625
topaneu_center4_ct_070_0000.nii.gz,CTA,604,385,322,0.42899999022483826,0.42899999022483826,0.2499936819076538,-2047.9998779296875,-2047.9998779296875,-1085.9725341796875,-1060.0166015625,36.00147247314453,1634.0189208984375,1758.9664306640625,1918.0157470703125,2476.0,-132.16842651367188,619.3828125,-2047.9998779296875,-2047.9998779296875,-1085.9725341796875,-1060.0166015625,36.00147247314453,1634.0189208984375,1758.9664306640625,1918.0157470703125,2476.0,-132.16842651367188,619.3828125
topaneu_center4_ct_072_0000.nii.gz,CTA,580,372,313,0.4300000071525574,0.4300000071525574,0.25,-1284.0,-1104.01416015625,-1065.9962158203125,-1052.0106201171875,44.00221252441406,1596.9725341796875,1682.998046875,1804.986572265625,2457.0,-54.68330001831055,627.8289794921875,-1284.0,-1104.01416015625,-1065.9962158203125,-1052.0106201171875,44.00221252441406,1596.9725341796875,1682.998046875,1804.986572265625,2457.0,-54.68330001831055,627.8289794921875
topaneu_center4_ct_074_0000.nii.gz,CTA,585,396,323,0.4300000071525574,0.4300000071525574,0.2500148415565491,-2048.0,-2048.0,-2048.0,-2048.0,31.975881576538086,1416.9869384765625,1540.97802734375,1731.029296875,2429.0,-167.16612243652344,628.4706420898438,-2048.0,-2048.0,-2048.0,-2048.0,31.975881576538086,1416.9869384765625,1540.97802734375,1731.029296875,2429.0,-167.16612243652344,628.4706420898438
topaneu_center4_ct_083_0000.nii.gz,CTA,548,434,359,0.38999998569488525,0.38999998569488525,0.25,-2048.0,-2048.0,-2048.0,-2048.0,40.02157974243164,1281.02734375,1453.9781494140625,1696.9825439453125,2493.0,-84.27027893066406,600.6871337890625,-2048.0,-2048.0,-2048.0,-2048.0,40.02157974243164,1281.02734375,1453.9781494140625,1696.9825439453125,2493.0,-84.27027893066406,600.6871337890625
topaneu_center4_ct_087_0000.nii.gz,CTA,274,372,327,0.4300000071525574,0.4300000071525574,0.5,-2048.0,-2048.0,-2048.0,-2048.0,41.0272331237793,1640.976318359375,1708.016357421875,1830.9686279296875,2426.0,-28.431907653808594,625.861083984375,-2048.0,-2048.0,-2048.0,-2048.0,41.0272331237793,1640.976318359375,1708.016357421875,1830.9686279296875,2426.0,-28.431907653808594,625.861083984375
topaneu_center4_ct_093_0000.nii.gz,CTA,274,369,355,0.4300000071525574,0.4300000071525574,0.5,-2048.0,-2048.0,-2048.0,-2048.0,35.991756439208984,1676.0174560546875,1738.0087890625,1842.005126953125,2392.0,-57.94557189941406,648.8460693359375,-2048.0,-2048.0,-2048.0,-2048.0,35.991756439208984,1676.0174560546875,1738.0087890625,1842.005126953125,2392.0,-57.94557189941406,648.8460693359375
topaneu_center4_ct_094_0000.nii.gz,CTA,568,400,343,0.38999998569488525,0.38999998569488525,0.25,-2048.0,-2048.0,-1085.9970703125,-1065.03125,47.979827880859375,1759.9674072265625,1815.98876953125,1916.03173828125,2370.0,-28.645570755004883,690.067138671875,-2048.0,-2048.0,-1085.9970703125,-1065.03125,47.979827880859375,1759.9674072265625,1815.98876953125,1916.03173828125,2370.0,-28.645570755004883,690.067138671875
topaneu_center4_ct_097_0000.nii.gz,CTA,556,368,296,0.4300000071525574,0.4300000071525574,0.25,-1363.0,-1110.011962890625,-1061.9837646484375,-1047.0155029296875,37.008174896240234,1370.012451171875,1509.0291748046875,1740.97900390625,2499.0,-144.0792694091797,574.7153930664062,-1363.0,-1110.011962890625,-1061.9837646484375,-1047.0155029296875,37.008174896240234,1370.012451171875,1509.0291748046875,1740.97900390625,2499.0,-144.0792694091797,574.7153930664062
topaneu_center4_ct_101_0000.nii.gz,CTA,598,407,374,0.38999998569488525,0.39000001549720764,0.2499987632036209,-2048.0,-2048.0,-2048.0,-2048.0,28.008981704711914,1076.983154296875,1224.9700927734375,1540.0186767578125,2531.0,-239.3699188232422,605.8795166015625,-2048.0,-2048.0,-2048.0,-2048.0,28.008981704711914,1076.983154296875,1224.9700927734375,1540.0186767578125,2531.0,-239.3699188232422,605.8795166015625
topaneu_center4_ct_102_0000.nii.gz,CTA,626,403,352,0.4300000071525574,0.4300000071525574,0.2500196099281311,-2048.0,-2048.0,-2048.0,-2048.0,44.000003814697266,1665.0001220703125,1730.0001220703125,1812.0001220703125,2321.0,-71.7835922241211,696.6752319335938,-2048.0,-2048.0,-2048.0,-2048.0,44.000003814697266,1666.0001220703125,1730.0001220703125,1812.0001220703125,2321.0,-71.86717224121094,697.0763549804688
topaneu_center4_ct_103_0000.nii.gz,CTA,610,428,327,0.4300000071525574,0.43000003695487976,0.24997691810131073,-2048.0,-2048.0,-2048.0,-1076.0118408203125,40.97112274169922,1538.984130859375,1615.9666748046875,1752.99560546875,2339.0,-57.155303955078125,624.0513305664062,-2048.0,-2048.0,-2048.0,-1076.0118408203125,40.97112274169922,1538.984130859375,1615.9666748046875,1752.99560546875,2339.0,-57.155303955078125,624.0513305664062
topaneu_center4_ct_104_0000.nii.gz,CTA,598,423,351,0.38999998569488525,0.39000001549720764,0.24997705221176147,-2047.9998779296875,-2047.9998779296875,-2047.9998779296875,-2047.9998779296875,36.02991485595703,1763.0098876953125,1836.01513671875,1935.9918212890625,2382.0,-127.12934875488281,676.985595703125,-2047.9998779296875,-2047.9998779296875,-2047.9998779296875,-2047.9998779296875,36.02991485595703,1763.0098876953125,1836.01513671875,1935.9918212890625,2382.0,-127.12934875488281,676.985595703125
topaneu_center4_ct_105_0000.nii.gz,CTA,610,413,319,0.42899999022483826,0.42900002002716064,0.2499987632036209,-2048.0,-2048.0,-2048.0,-2048.0,33.984893798828125,1677.984619140625,1758.99169921875,1871.991455078125,2432.0,-159.42613220214844,676.977294921875,-2048.0,-2048.0,-2048.0,-2048.0,33.984893798828125,1677.984619140625,1758.99169921875,1871.991455078125,2432.0,-159.42613220214844,676.977294921875
topaneu_center4_ct_106_0000.nii.gz,CTA,615,403,324,0.4300000071525574,0.4300000071525574,0.2500196099281311,-2047.9998779296875,-2047.9998779296875,-2047.9998779296875,-2047.9998779296875,39.0079231262207,1682.979248046875,1748.9921875,1867.9775390625,2380.0,-137.25637817382812,711.8499755859375,-2047.9998779296875,-2047.9998779296875,-2047.9998779296875,-2047.9998779296875,39.0079231262207,1682.979248046875,1748.9921875,1867.9775390625,2380.0,-137.25637817382812,711.8499755859375
topaneu_center4_ct_107_0000.nii.gz,CTA,602,385,344,0.42899999022483826,0.42900002002716064,0.2500380873680115,-2047.9998779296875,-2047.9998779296875,-2047.9998779296875,-2047.9998779296875,40.98100662231445,1751.968505859375,1811.007080078125,1891.0120849609375,2314.0,-108.23761749267578,707.0299682617188,-2047.9998779296875,-2047.9998779296875,-2047.9998779296875,-2047.9998779296875,40.98100662231445,1751.968505859375,1811.007080078125,1891.0120849609375,2314.0,-108.23761749267578,707.0299682617188
topaneu_center4_ct_108_0000.nii.gz,CTA,602,393,306,0.4300000071525574,0.4300000071525574,0.2500264644622803,-2048.000244140625,-2048.000244140625,-2048.000244140625,-1098.0517578125,37.997188568115234,1538.9552001953125,1670.97265625,1962.0491943359375,7908.0,-88.01009368896484,646.2669067382812,-2048.000244140625,-2048.000244140625,-2048.000244140625,-1098.0517578125,37.997188568115234,1538.9552001953125,1670.97265625,1962.0491943359375,7908.0,-88.01009368896484,646.2669067382812
topaneu_center4_ct_115_0000.nii.gz,CTA,351,414,299,0.4300000071525574,0.4300000071525574,0.29998779296875,-2048.0,-1110.98095703125,-1076.974609375,-1062.0145263671875,48.990325927734375,1679.9754638671875,1757.0169677734375,1879.0047607421875,2271.0,-13.089730262756348,603.315673828125,-2048.0,-1110.98095703125,-1076.974609375,-1062.0145263671875,48.990325927734375,1679.9754638671875,1757.0169677734375,1879.0047607421875,2271.0,-13.089730262756348,603.315673828125
topaneu_center4_ct_116_0000.nii.gz,CTA,301,426,378,0.38999998569488525,0.38999998569488525,0.29998779296875,-2048.0,-2048.0,-2048.0,-2048.0,46.05397033691406,1719.048828125,1782.02880859375,1894.95849609375,6324.0,24.40627098083496,634.8465576171875,-2048.0,-2048.0,-2048.0,-2048.0,46.05397033691406,1719.048828125,1782.02880859375,1894.95849609375,6324.0,24.40627098083496,634.8465576171875
topaneu_center4_ct_119_0000.nii.gz,CTA,290,369,320,0.4300000071525574,0.4300000071525574,0.29998779296875,-1285.0,-1113.0003662109375,-1083.98193359375,-1068.0108642578125,50.013832092285156,1708.9954833984375,1772.98779296875,1885.9759521484375,2263.0,34.088233947753906,584.2238159179688,-1285.0,-1113.0003662109375,-1083.98193359375,-1068.0108642578125,50.013832092285156,1708.9954833984375,1772.98779296875,1885.9759521484375,2263.0,34.088233947753906,584.2238159179688
topaneu_center4_ct_122_0000.nii.gz,CTA,491,382,308,0.42899999022483826,0.42899999022483826,0.29998779296875,-1297.0,-1143.9810791015625,-1112.0146484375,-1096.0030517578125,40.02764129638672,1672.0213623046875,1772.0087890625,1932.976806640625,2424.0,-130.4264373779297,670.7587280273438,-1297.0,-1143.9810791015625,-1112.0146484375,-1096.0030517578125,40.02764129638672,1672.0213623046875,1772.0087890625,1932.976806640625,2424.0,-130.4264373779297,670.7587280273438
topaneu_center4_ct_127_0000.nii.gz,CTA,273,396,354,0.42899999022483826,0.42899999022483826,0.29998779296875,-2048.000244140625,-2048.000244140625,-1128.02294921875,-1099.930908203125,42.98311233520508,1568.9443359375,1698.056640625,1889.026611328125,7021.0,-92.1640625,571.8933715820312,-2048.000244140625,-2048.000244140625,-1128.02294921875,-1099.930908203125,42.98311233520508,1568.9443359375,1698.056640625,1889.026611328125,7021.0,-92.1640625,571.8933715820312
topaneu_center4_ct_129_0000.nii.gz,CTA,270,415,377,0.38999998569488525,0.38999998569488525,0.29998779296875,-2048.0,-2048.0,-2048.0,-2048.0,39.99471664428711,1485.9727783203125,1608.989013671875,1881.0186767578125,2343.0,-115.8586654663086,644.8460693359375,-2048.0,-2048.0,-2048.0,-2048.0,39.99471664428711,1485.9727783203125,1608.989013671875,1881.0186767578125,2343.0,-115.8586654663086,644.8460693359375
topaneu_center4_ct_134_0000.nii.gz,CTA,319,350,325,0.42899999022483826,0.42899999022483826,0.29998779296875,-1307.0,-1132.0013427734375,-1105.97705078125,-1090.0155029296875,45.972469329833984,1622.98486328125,1762.0123291015625,1917.001220703125,2483.0,-49.2837028503418,557.2113037109375,-1307.0,-1132.0013427734375,-1105.97705078125,-1090.0155029296875,45.972469329833984,1622.98486328125,1762.0123291015625,1917.001220703125,2483.0,-49.2837028503418,557.2113037109375
topaneu_center4_ct_140_0000.nii.gz,CTA,346,395,366,0.38999998569488525,0.38999998569488525,0.29998779296875,-2048.0,-2048.0,-2048.0,-1101.9769287109375,46.00993728637695,1643.0086669921875,1753.990478515625,1919.0054931640625,2395.0,-34.661216735839844,576.7374877929688,-2048.0,-2048.0,-2048.0,-1101.9769287109375,46.00993728637695,1643.0086669921875,1753.990478515625,1919.0054931640625,2395.0,-34.661216735839844,576.7374877929688
topaneu_center4_ct_193_0000.nii.gz,CTA,324,371,308,0.42899999022483826,0.42899999022483826,0.29998779296875,-1268.0,-1126.01025390625,-1103.99853515625,-1090.01123046875,42.00562286376953,1564.9957275390625,1704.9793701171875,1899.01708984375,2384.0,-76.36286163330078,590.1915893554688,-1268.0,-1126.01025390625,-1103.99853515625,-1090.01123046875,42.00562286376953,1564.9957275390625,1704.9793701171875,1899.01708984375,2384.0,-76.36286163330078,590.1915893554688
topaneu_center4_ct_200_0000.nii.gz,CTA,280,419,370,0.38999998569488525,0.38999998569488525,0.29998779296875,-2047.9998779296875,-2047.9998779296875,-2047.9998779296875,-2047.9998779296875,37.00831985473633,1557.9747314453125,1691.022705078125,1848.026123046875,2412.0,-95.88378143310547,614.5653686523438,-2047.9998779296875,-2047.9998779296875,-2047.9998779296875,-2047.9998779296875,37.00831985473633,1557.9747314453125,1691.022705078125,1848.026123046875,2412.0,-95.88378143310547,614.5653686523438
topaneu_center4_ct_201_0000.nii.gz,CTA,301,512,512,0.46799999475479126,0.46799999475479126,0.29998779296875,-1274.0,-1110.0015869140625,-1068.0106201171875,-1039.0025634765625,-999.999267578125,1524.023681640625,1691.0098876953125,1857.99609375,2286.0,-681.8538208007812,581.4268798828125,-1274.0,-1110.0015869140625,-1068.0106201171875,-1039.0025634765625,-999.999267578125,1524.023681640625,1691.0098876953125,1857.99609375,2286.0,-681.8538208007812,581.4268798828125
topaneu_center5_mr_007_0000.nii.gz,MRA,124,448,406,0.4464285671710968,0.4464285671710968,0.550000011920929,0.0,0.0,4.0,13.0,100.0,328.0,359.0,601.0,1035.0,108.02111053466797,82.06830596923828,1.0,10.0,13.0,14.0,101.0,328.0,359.0,602.0,1035.0,108.54449462890625,81.92088317871094
topaneu_center5_mr_009_0000.nii.gz,MRA,200,768,544,0.2864583134651184,0.2864583134651184,0.699999988079071,0.0,0.0,4.0,5.0,40.0,122.0,130.0,211.0,430.0,40.82202911376953,32.71326446533203,1.0,4.0,4.0,5.0,40.0,122.0,130.0,211.0,430.0,40.95180130004883,32.68402099609375
topaneu_center5_mr_010_0000.nii.gz,MRA,120,512,512,0.390625,0.390625,0.6749993562698364,0.0,0.0,0.0,0.0,82.0,310.0,395.0,878.0,1581.0,103.466552734375,102.26801300048828,1.0,1.0,1.0,1.0,88.0,311.0,400.0,883.0,1581.0,105.66043090820312,102.21891021728516
topaneu_center5_mr_011_0000.nii.gz,MRA,120,512,512,0.390625,0.390625,0.6749997735023499,0.0,0.0,0.0,0.0,38.0,289.0,344.0,719.0,1363.0,88.49323272705078,96.61951446533203,1.0,1.0,1.0,1.0,48.0,291.0,348.0,725.0,1363.0,91.341064453125,96.82783508300781
topaneu_center5_mr_015_0000.nii.gz,MRA,120,512,512,0.390625,0.390625,0.675000011920929,0.0,0.0,0.0,0.0,51.0,171.0,188.0,405.0,931.0,64.48603057861328,60.72864532470703,1.0,1.0,1.0,1.0,58.0,171.0,190.0,411.0,931.0,66.40162658691406,60.583187103271484
topaneu_center5_mr_016_0000.nii.gz,MRA,120,512,512,0.390625,0.390625,0.675000011920929,0.0,0.0,0.0,0.0,77.0,259.0,283.0,522.0,1372.0,89.54723358154297,83.49478912353516,1.0,1.0,1.0,1.0,82.0,260.0,284.0,526.0,1372.0,91.35777282714844,83.34822082519531
topaneu_center5_mr_021_0000.nii.gz,MRA,120,512,512,0.390625,0.390625,0.6750001311302185,0.0,0.0,0.0,0.0,83.0,305.0,338.0,720.0,1447.0,108.52810668945312,104.24394226074219,1.0,1.0,1.0,1.0,88.0,305.0,339.0,724.0,1447.0,110.2374038696289,104.1610336303711
topaneu_center5_mr_022_0000.nii.gz,MRA,120,512,512,0.390625,0.390625,0.675000011920929,0.0,0.0,0.0,0.0,68.0,279.0,309.0,663.0,1340.0,94.22576141357422,93.71200561523438,1.0,1.0,1.0,1.0,75.0,279.0,310.0,670.0,1340.0,96.44037628173828,93.67372131347656
topaneu_center5_mr_023_0000.nii.gz,MRA,200,768,540,0.2864583432674408,0.2864583432674408,0.6500000357627869,0.0,0.0,5.0,6.0,37.0,139.0,153.0,265.0,508.0,46.1690788269043,38.841495513916016,1.0,5.0,6.0,6.0,38.0,139.0,154.0,265.0,508.0,46.31534194946289,38.81581115722656
topaneu_center5_mr_024_0000.nii.gz,MRA,200,768,544,0.2994791865348816,0.2994791865348816,0.6500000357627869,0.0,0.0,4.0,5.0,31.0,122.0,133.0,210.0,516.0,42.26396560668945,36.08307647705078,1.0,4.0,5.0,5.0,32.0,122.0,133.0,210.0,516.0,42.397918701171875,36.06155014038086
topaneu_center5_mr_025_0000.nii.gz,MRA,120,512,512,0.390625,0.390625,0.675000011920929,0.0,0.0,0.0,0.0,72.0,310.0,347.0,767.0,1409.0,104.2728500366211,104.32859802246094,1.0,1.0,1.0,1.0,78.0,311.0,349.0,772.0,1409.0,106.51382446289062,104.30572509765625
topaneu_center5_mr_027_0000.nii.gz,MRA,120,512,512,0.390625,0.390625,0.6749995946884155,0.0,0.0,0.0,0.0,46.0,178.0,207.0,509.0,1043.0,61.31870651245117,60.42503356933594,1.0,1.0,1.0,1.0,50.0,178.0,209.0,513.0,1043.0,63.054603576660156,60.37458801269531
topaneu_center5_mr_028_0000.nii.gz,MRA,175,768,696,0.2864583432674408,0.2864583432674408,0.6000000238418579,0.0,0.0,3.0,4.0,12.0,177.0,190.0,345.0,963.0,51.52465057373047,55.28660583496094,1.0,3.0,4.0,4.0,13.0,177.0,190.0,346.0,963.0,51.6687126159668,55.29657745361328
topaneu_center5_mr_029_0000.nii.gz,MRA,124,448,406,0.4464285671710968,0.4464285671710968,0.550000011920929,0.0,0.0,3.0,5.0,38.0,130.0,144.0,298.0,573.0,42.795616149902344,33.91434097290039,1.0,4.0,5.0,5.0,38.0,130.0,144.0,298.0,573.0,43.00046157836914,33.8656120300293
topaneu_center5_mr_030_0000.nii.gz,MRA,124,448,406,0.4464285671710968,0.4464285671710968,0.550000011920929,0.0,0.0,11.0,13.0,72.0,242.0,272.0,562.0,1258.0,88.03628540039062,67.11528015136719,1.0,12.0,13.0,14.0,73.0,242.0,273.0,562.0,1258.0,88.45144653320312,66.9998550415039
topaneu_center5_mr_031_0000.nii.gz,MRA,124,448,406,0.4464285671710968,0.4464285671710968,0.550000011920929,0.0,0.0,5.0,13.0,107.0,291.0,326.0,669.0,1462.0,105.59686279296875,76.6942138671875,1.0,10.0,13.0,14.0,108.0,292.0,326.0,670.0,1462.0,106.10488891601562,76.52710723876953
topaneu_center5_mr_032_0000.nii.gz,MRA,120,512,512,0.390625,0.390625,0.6749998331069946,0.0,0.0,0.0,0.0,79.0,312.0,350.0,782.0,1513.0,101.67318725585938,100.2564926147461,1.0,1.0,1.0,1.0,83.0,313.0,351.0,786.0,1513.0,103.45441436767578,100.21566772460938
topaneu_center5_mr_033_0000.nii.gz,MRA,120,512,512,0.390625,0.390625,0.6749997735023499,0.0,0.0,0.0,0.0,88.0,308.0,347.0,833.0,1612.0,110.73838806152344,107.81836700439453,1.0,1.0,1.0,1.0,94.0,309.0,349.0,838.0,1612.0,112.98283386230469,107.7349853515625
topaneu_center5_mr_034_0000.nii.gz,MRA,120,512,512,0.390625,0.390625,0.6749998331069946,0.0,0.0,0.0,0.0,57.0,291.0,327.0,739.0,1455.0,99.83312225341797,104.21538543701172,1.0,1.0,1.0,1.0,74.0,292.0,333.0,751.0,1455.0,105.25537109375,104.30731201171875
topaneu_center5_mr_036_0000.nii.gz,MRA,124,448,406,0.4464285671710968,0.4464285671710968,0.550000011920929,0.0,0.0,7.0,8.0,42.0,136.0,152.0,327.0,662.0,50.63584899902344,38.82394790649414,1.0,7.0,8.0,8.0,43.0,136.0,152.0,327.0,662.0,50.875091552734375,38.758853912353516
topaneu_center5_mr_037_0000.nii.gz,MRA,120,512,512,0.390625,0.390625,0.6749998331069946,0.0,0.0,0.0,0.0,81.0,294.0,332.0,775.0,1495.0,100.70983123779297,97.13965606689453,1.0,1.0,1.0,1.0,85.0,295.0,333.0,778.0,1495.0,102.10305786132812,97.07933807373047
topaneu_center5_mr_038_0000.nii.gz,MRA,124,448,406,0.4464285671710968,0.4464285671710968,0.550000011920929,0.0,0.0,10.0,13.0,73.0,215.0,247.0,555.0,925.0,79.92810821533203,59.124366760253906,1.0,11.0,13.0,13.0,74.0,215.0,248.0,556.0,925.0,80.3062515258789,59.00729751586914
topaneu_center5_mr_039_0000.nii.gz,MRA,124,448,406,0.4464285671710968,0.4464285671710968,0.550000011920929,0.0,0.0,6.0,8.0,62.0,170.0,192.0,463.0,810.0,66.66038513183594,51.49978256225586,1.0,7.0,8.0,9.0,62.0,170.0,193.0,463.0,810.0,66.9775390625,51.415985107421875
topaneu_center5_mr_041_0000.nii.gz,MRA,200,768,616,0.2864583134651184,0.2864583134651184,0.5999999642372131,0.0,0.0,5.0,6.0,66.0,188.0,209.0,358.0,981.0,68.81430053710938,57.58382797241211,1.0,5.0,6.0,6.0,67.0,188.0,209.0,359.0,981.0,69.01924133300781,57.54674530029297
topaneu_center5_mr_052_0000.nii.gz,MRA,150,480,480,0.3333333432674408,0.3333333432674408,0.40000006556510925,0.0,0.0,3.5545787811279297,3.5545787811279297,330.5758361816406,689.5882568359375,991.7274780273438,1976.3458251953125,3383.958984375,311.5872802734375,212.857421875,3.5545787811279297,3.5545787811279297,3.5545787811279297,7.109157562255859,334.1304016113281,689.5882568359375,995.2820434570312,1976.3458251953125,3383.958984375,312.9927062988281,212.30348205566406
topaneu_center5_mr_061_0000.nii.gz,MRA,150,480,480,0.3333333432674408,0.3333333432674408,0.3999999463558197,0.0,0.0,0.0,2.2153847217559814,347.8153991699219,578.2153930664062,693.4154052734375,1473.230712890625,3046.15380859375,280.8409729003906,190.3350830078125,2.2153847217559814,2.2153847217559814,2.2153847217559814,2.2153847217559814,350.03076171875,578.2153930664062,695.6307983398438,1477.6614990234375,3046.15380859375,282.90234375,189.4998321533203
topaneu_center5_mr_063_0000.nii.gz,MRA,150,480,480,0.3333333432674408,0.3333333432674408,0.40000033378601074,0.0,0.0,0.0,2.519902229309082,352.78631591796875,637.5352783203125,773.6099853515625,1675.7349853515625,3500.144287109375,302.7869873046875,221.0099639892578,2.519902229309082,2.519902229309082,2.519902229309082,2.519902229309082,357.8261413574219,637.5352783203125,776.1299438476562,1680.77490234375,3500.144287109375,305.5068054199219,220.1209716796875
topaneu_center5_mr_068_0000.nii.gz,MRA,150,480,480,0.3333333432674408,0.3333333432674408,0.40000027418136597,0.0,0.0,2.190720319747925,2.190720319747925,175.25762939453125,420.6183166503906,517.010009765625,1213.6590576171875,2186.3388671875,175.9286651611328,129.57318115234375,2.190720319747925,2.190720319747925,2.190720319747925,4.38144063949585,175.25762939453125,420.6183166503906,517.010009765625,1215.849853515625,2186.3388671875,176.60064697265625,129.36251831054688
topaneu_center5_mr_074_0000.nii.gz,MRA,150,480,480,0.3333333432674408,0.3333333432674408,0.4000002145767212,0.0,0.0,0.0,2.835408926010132,277.8700866699219,575.5880126953125,935.6849975585938,1593.4998779296875,2361.895751953125,248.90672302246094,171.22894287109375,2.835408926010132,2.835408926010132,2.835408926010132,2.835408926010132,280.70550537109375,578.4234619140625,941.3557739257812,1596.3353271484375,2361.895751953125,250.91226196289062,170.44757080078125
topaneu_center5_mr_079_0000.nii.gz,MRA,150,480,480,0.3333333432674408,0.3333333432674408,0.40000030398368835,0.0,0.0,2.049572706222534,4.099145412445068,235.7008514404297,504.19488525390625,776.7880249023438,1477.7418212890625,2168.44775390625,220.57080078125,149.5041046142578,2.049572706222534,2.049572706222534,4.099145412445068,4.099145412445068,235.7008514404297,504.19488525390625,776.7880249023438,1477.7418212890625,2168.44775390625,221.01931762695312,149.324462890625
topaneu_center5_mr_081_0000.nii.gz,MRA,150,480,480,0.3333333432674408,0.3333333432674408,0.40000009536743164,0.0,0.0,0.0,2.0534799098968506,227.93626403808594,498.99560546875,696.1296997070312,1433.3289794921875,2702.37939453125,215.16268920898438,154.49261474609375,2.0534799098968506,2.0534799098968506,2.0534799098968506,2.0534799098968506,229.98974609375,498.99560546875,698.1831665039062,1435.3824462890625,2702.37939453125,216.63975524902344,153.98646545410156
topaneu_center5_mr_082_0000.nii.gz,MRA,150,480,480,0.3333333432674408,0.3333333432674408,0.40000030398368835,0.0,0.0,0.0,1.994627594947815,209.43589782714844,554.5064697265625,718.06591796875,1320.4434814453125,2495.279052734375,209.37918090820312,162.69322204589844,1.994627594947815,1.994627594947815,1.994627594947815,1.994627594947815,213.42515563964844,556.5010986328125,722.05517578125,1322.4381103515625,2495.279052734375,211.07489013671875,162.25143432617188
topaneu_center5_mr_451_0000.nii.gz,MRA,200,629,481,0.2864583432674408,0.2864583432674408,0.5000022053718567,0.0,0.0,0.0,0.0,103.99899291992188,289.0052795410156,315.0001525878906,490.9969482421875,1278.0,93.10350036621094,63.848594665527344,0.019501030445098877,7.0008697509765625,7.99542236328125,9.009475708007812,107.00215148925781,290.994384765625,318.0032958984375,504.9986877441406,1278.0,99.22630310058594,61.13258743286133
topaneu_center5_mr_452_0000.nii.gz,MRA,160,784,609,0.234375,0.234375,0.7000008821487427,0.0,0.0,0.0,0.0,48.00249099731445,97.00218963623047,106.00080108642578,182.9994659423828,389.0,40.05221176147461,24.71394157409668,0.005935759749263525,2.99755859375,4.000701904296875,4.000701904296875,48.99969482421875,97.00218963623047,106.99800872802734,187.0001678466797,389.0,41.9058723449707,23.69318962097168
topaneu_center5_mr_453_0000.nii.gz,MRA,143,733,623,0.2343750149011612,0.2343750149011612,0.7000021934509277,0.0,0.0,0.0,0.0,49.00042724609375,106.99655151367188,114.00274658203125,223.00311279296875,469.0,41.86196517944336,27.88355827331543,0.007156481500715017,2.998565673828125,4.0004730224609375,4.0004730224609375,51.998992919921875,107.99845886230469,114.99749755859375,230.0021514892578,469.0,45.23303985595703,26.222490310668945
topaneu_center5_mr_454_0000.nii.gz,MRA,144,333,242,0.546875,0.546875,0.6999977231025696,0.0,0.0,0.0,0.0,60.00291442871094,125.99720764160156,135.9993438720703,254.00474548339844,649.0,53.027400970458984,32.438533782958984,0.009903104975819588,6.00128173828125,8.001708984375,9.001922607421875,63.00355529785156,126.99742126464844,136.9995574951172,262.99676513671875,649.0,57.019187927246094,30.06429672241211
topaneu_center5_mr_455_0000.nii.gz,MRA,190,746,578,0.2343750149011612,0.234375,0.7000012397766113,0.0,0.0,0.0,0.0,43.001068115234375,104.00218963623047,110.00220489501953,181.0014190673828,377.0,37.85197067260742,27.19987678527832,0.005752651486545801,2.99713134765625,2.99713134765625,3.9980928897857666,46.99916076660156,104.99739837646484,110.00220489501953,184.99951171875,377.0,40.34231185913086,26.230552673339844
topaneu_center5_mr_457_0000.nii.gz,MRA,168,650,508,0.2734375,0.2734375,0.5000007748603821,0.0,0.0,0.0,0.0,62.99620056152344,138.99642944335938,152.00045776367188,305.0005798339844,537.0,55.71583938598633,35.1534309387207,0.008194094523787498,3.998718023300171,4.9983978271484375,5.998077392578125,66.00343322753906,141.0039825439453,153.99981689453125,312.9980163574219,537.0,60.438541412353516,32.48197937011719
topaneu_center5_mr_458_0000.nii.gz,MRA,127,322,253,0.546875,0.546875,0.6999967098236084,0.0,0.0,0.0,0.0,54.00013732910156,165.00196838378906,176.00457763671875,265.0011901855469,609.0,55.73012924194336,40.537296295166016,0.009292744100093842,6.00311279296875,8.001052856445312,8.995376586914062,60.99757385253906,165.9962921142578,176.9989013671875,275.00018310546875,609.0,61.41658401489258,38.23221206665039
topaneu_center5_mr_459_0000.nii.gz,MRA,144,645,517,0.2864583134651184,0.2864583134651184,0.6000028252601624,0.0,0.0,0.0,0.0,100.99824523925781,262.9931945800781,300.00396728515625,499.99664306640625,980.0,87.02314758300781,64.5881118774414,0.01495384145528078,5.129167556762695,6.9983978271484375,6.9983978271484375,107.99664306640625,268.00274658203125,304.99853515625,510.0007629394531,980.0,95.84290313720703,61.22993850708008
topaneu_center5_mr_460_0000.nii.gz,MRA,200,604,502,0.2864583432674408,0.2864583432674408,0.4999975562095642,0.0,0.0,0.0,0.0,105.99948120117188,249.99270629882812,289.9933776855469,504.99505615234375,1004.0,89.7858657836914,60.577545166015625,0.015320057980716228,7.9970703125,10.003997802734375,10.003997802734375,112.00494384765625,254.00656127929688,295.0030212402344,517.0059814453125,1004.0,97.93111419677734,56.61157989501953
topaneu_center5_mr_461_0000.nii.gz,MRA,141,765,628,0.234375,0.234375,0.7000067234039307,0.0,0.0,0.0,0.0,46.00334167480469,94.99826049804688,104.00088500976562,198.001953125,457.0,38.748497009277344,26.689586639404297,0.0069733732379972935,2.9985504150390625,4.002716064453125,4.002716064453125,49.99908447265625,96.00242614746094,104.99807739257812,205.0032196044922,457.0,42.45573806762695,24.961820602416992
topaneu_center5_mr_462_0000.nii.gz,MRA,183,577,480,0.2864583432674408,0.2864583432674408,0.500000536441803,0.0,0.0,0.0,0.0,111.99618530273438,297.9989318847656,338.0074768066406,576.995361328125,1010.0,104.05260467529297,65.5162353515625,0.015411612577736378,7.998626708984375,10.00213623046875,10.00213623046875,115.00144958496094,301.00421142578125,343.0008544921875,584.0076293945312,1010.0,110.53875732421875,61.99171447753906
topaneu_center5_mr_464_0000.nii.gz,MRA,200,640,517,0.2864583134651184,0.2864583432674408,0.49999940395355225,0.0,0.0,0.0,0.0,102.00448608398438,263.9997863769531,299.99713134765625,507.007080078125,941.0,91.64375305175781,60.96367645263672,0.014358739368617535,7.696284294128418,9.0029296875,9.993682861328125,105.9962158203125,268.005859375,304.9939880371094,517.0007934570312,941.0,99.07145690917969,57.28807067871094
topaneu_center5_mr_465_0000.nii.gz,MRA,199,614,470,0.2864583432674408,0.2864583134651184,0.4999997913837433,0.0,0.0,0.0,0.0,109.00355529785156,275.9908447265625,296.9925231933594,495.0058898925781,1201.0,100.46568298339844,61.65455627441406,0.018326085060834885,8.99810791015625,10.995651245117188,10.995651245117188,112.009033203125,278.0067138671875,299.0083923339844,506.00152587890625,1201.0,106.2156982421875,58.37896728515625
topaneu_center5_mr_466_0000.nii.gz,MRA,150,319,278,0.546875,0.546875,0.700000524520874,0.0,0.0,0.0,0.0,48.00325012207031,135.0006866455078,147.00375366210938,253.00228881835938,591.0,49.21601104736328,35.3634033203125,0.009018082171678543,5.9970245361328125,7.9990386962890625,9.000045776367188,55.00128173828125,137.00270080566406,147.99574279785156,263.00335693359375,591.0,53.2632942199707,33.731876373291016
topaneu_center5_mr_467_0000.nii.gz,MRA,200,635,548,0.2864583432674408,0.2864583432674408,0.5,0.0,0.0,0.0,0.0,115.00114440917969,305.0061950683594,340.9964599609375,554.9998779296875,948.0,103.41400146484375,67.29145050048828,0.014465552754700184,7.0013275146484375,8.997573852539062,9.995697021484375,118.99363708496094,308.00054931640625,345.00341796875,564.9955444335938,948.0,110.40357971191406,63.737857818603516
topaneu_center5_mr_469_0000.nii.gz,MRA,168,596,470,0.2734375,0.2734375298023224,0.49999913573265076,0.0,0.0,0.0,0.0,66.00137329101562,150.99729919433594,163.0011444091797,317.00433349609375,648.0,56.67079162597656,38.0493049621582,0.009887846186757088,4.00457763671875,5.0032501220703125,5.0032501220703125,69.99606323242188,151.9959716796875,164.9984893798828,327.0009460449219,648.0,61.92707824707031,35.447479248046875
topaneu_center5_mr_470_0000.nii.gz,MRA,149,325,250,0.546875,0.5468749403953552,0.6999992728233337,0.0,0.0,0.0,0.0,68.99894714355469,150.99911499023438,165.0012664794922,333.00531005859375,713.0,62.5413932800293,39.65813446044922,0.010879682376980782,8.99749755859375,13.001220703125,14.002151489257812,75.00453186035156,152.0000457763672,166.002197265625,346.99658203125,713.0,68.27153015136719,36.40964126586914
topaneu_center5_mr_471_0000.nii.gz,MRA,158,729,598,0.2455357164144516,0.2455357164144516,0.7000009417533875,0.0,0.0,0.0,0.0,54.001068115234375,125.99996948242188,135.9979248046875,233.00306701660156,496.0,48.98695755004883,30.053735733032227,0.007568474858999252,2.9971160888671875,4.00372314453125,4.00372314453125,56.99818420410156,125.99996948242188,136.99696350097656,236.9992218017578,496.0,51.45794677734375,28.664182662963867
topaneu_center5_mr_472_0000.nii.gz,MRA,156,334,269,0.546875,0.546875,0.7000025510787964,0.0,0.0,0.0,0.0,89.00297546386719,204.99978637695312,230.00367736816406,466.0018615722656,810.0,81.71217346191406,49.23456573486328,0.012359808199107647,11.000228881835938,14.003663063049316,15.004807472229004,92.99519348144531,207.0020751953125,233.9958953857422,474.9997863769531,810.0,87.64726257324219,45.60609817504883
topaneu_center5_mr_473_0000.nii.gz,MRA,143,314,264,0.546875,0.546875,0.7000007629394531,0.0,0.0,0.0,0.0,52.00204849243164,133.0029296875,142.00035095214844,233.99717712402344,526.0,50.41720199584961,32.01422119140625,0.00802624598145485,6.003632068634033,8.002167701721191,8.002167701721191,55.00386428833008,133.99818420410156,143.00363159179688,241.9993438720703,526.0,54.38155746459961,29.831396102905273
topaneu_center5_mr_474_0000.nii.gz,MRA,200,640,518,0.2864583134651184,0.2864583432674408,0.4999990165233612,0.0,0.0,0.0,0.0,113.00160217285156,299.99725341796875,336.0054931640625,558.0040893554688,1080.0,100.65640258789062,67.61859130859375,0.016479743644595146,7.0038909912109375,8.997940063476562,10.003204345703125,117.99496459960938,305.0071105957031,340.99884033203125,571.9954223632812,1080.0,110.23692321777344,62.85966110229492
topaneu_center5_mr_475_0000.nii.gz,MRA,168,618,507,0.2734375,0.2734375,0.4999995231628418,0.0,0.0,0.0,0.0,68.00321960449219,137.00440979003906,151.00424194335938,292.9985046386719,617.0,57.98522186279297,33.57172393798828,0.00941481627523899,4.999267578125,4.999267578125,5.9972381591796875,69.99916076660156,139.00035095214844,153.00018310546875,298.9957275390625,617.0,61.583736419677734,31.231307983398438
topaneu_center5_mr_476_0000.nii.gz,MRA,151,328,259,0.546875,0.5468750596046448,0.6999964714050293,0.0,0.0,0.0,0.0,69.00465393066406,170.9963836669922,180.00341796875,309.9982604980469,692.0,64.12479400634766,41.336700439453125,0.010559243150055408,8.056702613830566,11.99530029296875,12.998428344726562,75.00230407714844,171.99951171875,181.99911499023438,322.0041198730469,692.0,70.6257553100586,37.720252990722656
topaneu_center5_mr_478_0000.nii.gz,MRA,149,721,608,0.234375,0.234375,0.699996829032898,0.0,0.0,0.0,0.0,78.00045776367188,175.99679565429688,191.00198364257812,329.0010986328125,722.0,68.49144744873047,48.887779235839844,0.011017014272511005,1.002548336982727,1.002548336982727,1.002548336982727,85.99880981445312,178.00189208984375,192.99606323242188,338.0019836425781,722.0,75.39984130859375,45.93682861328125
topaneu_center5_mr_479_0000.nii.gz,MRA,152,702,596,0.234375,0.234375,0.7000064253807068,0.0,0.0,0.0,0.0,58.002105712890625,137.99917602539062,152.003662109375,273.9988098144531,504.0,51.67281723022461,36.90371322631836,0.0076905470341444016,0.9997711181640625,0.9997711181640625,0.9997711181640625,64.000732421875,138.9989471435547,154.00320434570312,279.9974365234375,504.0,56.33081817626953,34.960845947265625
topaneu_center5_mr_480_0000.nii.gz,MRA,136,382,294,0.4687500298023224,0.46875,0.6999974250793457,0.0,0.0,0.0,0.0,55.00251770019531,129.99839782714844,142.00045776367188,261.0013732910156,495.0,48.05150604248047,32.836856842041016,0.007553216069936752,0.9970245361328125,2.998626708984375,4.003204345703125,58.9981689453125,131.0029754638672,144.00205993652344,266.9986267089844,495.0,52.782588958740234,30.572933197021484
topaneu_center5_mr_481_0000.nii.gz,MRA,137,808,615,0.234375,0.234375,0.7000045776367188,0.0,0.0,0.0,0.0,49.998809814453125,103.99958801269531,114.00082397460938,231.00128173828125,483.0,42.35576629638672,27.88434600830078,0.0073701078072190285,2.9996337890625,4.0019683837890625,4.0019683837890625,52.998443603515625,105.99688720703125,115.99812316894531,237.00054931640625,483.0,46.065162658691406,25.976093292236328
topaneu_center5_mr_484_0000.nii.gz,MRA,154,353,264,0.546875,0.546875,0.7000007033348083,0.0,0.0,0.0,0.0,78.99879455566406,175.997314453125,193.99703979492188,360.9944763183594,1057.0,71.13127899169922,45.807437896728516,0.0161287859082222,7.9998779296875,10.999832153320312,11.99981689453125,84.99870300292969,178.9972686767578,195.99700927734375,373.9942932128906,1057.0,77.9610595703125,42.03971481323242
topaneu_center5_mr_485_0000.nii.gz,MRA,137,378,316,0.46875,0.46875,0.700002133846283,0.0,0.0,0.0,0.0,67.99801635742188,168.00405883789062,185.99905395507812,343.0037536621094,713.0,59.40399932861328,44.41112518310547,0.010879682376980782,1.0009307861328125,1.0009307861328125,1.0009307861328125,74.00360107421875,169.9950408935547,190.00277709960938,351.00030517578125,713.0,65.53551483154297,42.120018005371094
topaneu_center5_mr_486_0000.nii.gz,MRA,144,311,256,0.5468749403953552,0.5468749403953552,0.6999972462654114,0.0,0.0,0.0,0.0,65.99824523925781,147.00282287597656,158.99801635742188,300.9954528808594,647.0,60.81543731689453,38.65028762817383,0.009872587397694588,9.003799438476562,11.995193481445312,13.002197265625,72.00077819824219,147.9999542236328,159.99514770507812,313.6755676269531,647.0,66.16146087646484,35.65755081176758
topaneu_center5_mr_487_0000.nii.gz,MRA,160,618,519,0.2734375,0.2734375,0.5000000596046448,0.0,0.0,0.0,0.0,72.00457763671875,165.00013732910156,180.9999542236328,381.9969787597656,708.0,60.045936584472656,42.9249153137207,0.010803387500345707,3.99725341796875,5.0019683837890625,5.995880126953125,76.99574279785156,166.99876403808594,186.00192260742188,392.00091552734375,708.0,66.75162506103516,40.00876235961914
topaneu_center5_mr_488_0000.nii.gz,MRA,149,378,316,0.46875,0.46875,0.6999987363815308,0.0,0.0,0.0,0.0,60.99720764160156,138.00045776367188,155.00059509277344,317.9986267089844,732.0,49.44328689575195,39.704322814941406,0.011169604025781155,1.005264401435852,1.005264401435852,1.005264401435852,68.00054931640625,141.0050811767578,158.00521850585938,332.00531005859375,732.0,56.117576599121094,37.61235046386719
topaneu_center5_mr_489_0000.nii.gz,MRA,155,301,253,0.546875,0.546875,0.6999984979629517,0.0,0.0,0.0,0.0,56.002017974853516,147.9977264404297,159.0009765625,288.9974060058594,582.0,56.578712463378906,36.79939270019531,0.008880751207470894,8.019318580627441,11.997895240783691,13.001420021057129,61.996524810791016,149.00125122070312,160.9991455078125,298.00250244140625,582.0,61.401893615722656,34.25615692138672
topaneu_center5_mr_490_0000.nii.gz,MRA,200,609,508,0.2864583432674408,0.2864583134651184,0.5299970507621765,0.0,0.0,0.0,0.0,117.0018539428711,292.9986572265625,325.9954833984375,534.0010375976562,1349.0,98.89036560058594,69.24361419677734,0.02058442123234272,5.9900665283203125,8.007339477539062,8.007339477539062,122.9919204711914,296.9920349121094,330.0094299316406,549.007080078125,1349.0,106.53196716308594,65.96290588378906
topaneu_center5_mr_491_0000.nii.gz,MRA,187,556,479,0.2864583134651184,0.2864583432674408,0.49999767541885376,0.0,0.0,0.0,0.0,133.01011657714844,318.9899597167969,355.9976501464844,616.9970703125,1371.0,116.49565887451172,75.07881164550781,0.02092011831700802,7.991485118865967,9.99981689453125,11.003982543945312,137.005859375,322.0024719238281,360.99755859375,630.0093383789062,1371.0,125.9493179321289,70.02554321289062
topaneu_center5_mr_492_0000.nii.gz,MRA,186,604,496,0.2864583432674408,0.2864583432674408,0.5000022649765015,0.0,0.0,0.0,0.0,108.9940414428711,272.0,303.9979553222656,535.00390625,1156.0,92.66211700439453,64.64715576171875,0.01763943023979664,7.002853870391846,8.996109008789062,10.001557350158691,114.99144744873047,276.004150390625,309.995361328125,548.9920043945312,1156.0,102.39256286621094,60.181331634521484
